Teorema di Pitagora,Spigolo,1
Decagono,Bidimensionalità,0
Poliedro,Sistema di riferimento cartesiano,0
Segmento,Angolo,0
Riflessione (geometria),Rotazione (matematica),1
Circonferenza,Asse di un segmento,0
Lunghezza di un arco,Tangente (geometria),0
Angolo,Riflessione (geometria),0
Punto (geometria),Sistema di coordinate,0
Triangolo,Congruenza (geometria),0
Teorema della bisettrice,Segmento,1
Tassellatura,Aquilone (geometria),0
Punto (geometria),Lunghezza di un arco,0
Asse di un segmento,Trapezio,0
Asse di un segmento,Diametro,0
Terna pitagorica,Spigolo,1
Punto medio,Diagonale,0
Funzione trigonometrica inversa,Seno (matematica),1
Similitudine (geometria),Teorema di Pitagora,0
Tassellatura,Triangolo,0
Poliedro,Spigolo,1
Poliedro,Trapezio,0
Teorema di Pitagora,Parallelogramma,0
Bidimensionalità,Esagono,0
Bidimensionalità,Pentagono,0
Parallelogramma,Geometria,1
Quadrato,Sistema di coordinate,0
Perpendicolarità,Angolo retto,0
Asse di un segmento,Parallelogramma,0
Traslazione (geometria),Geometria,1
Geometria,Angolo,0
Segmento,Congruenza (geometria),0
Poligono,Simmetria,0
Geometria,Poligono stellato,0
Quadrato,Spigolo,1
Trapezio,Angolo retto,0
Distanza (matematica),Raggio (geometria),0
Geometria,Triangolo,0
Perpendicolarità,Tangente (geometria),0
Segmento,Spigolo,0
Piramide (geometria),Triangolo,0
Rombo (geometria),Faccia (geometria),0
Punto medio,Parallelogramma,0
Angolo,Congruenza (geometria),0
Segmento,Perpendicolarità,0
Prisma,Geometria,1
Piano (geometria),Sistema di riferimento cartesiano,0
Triangolo rettangolo,Punto (geometria),1
Similitudine (geometria),Quadrato,0
Spigolo,Ennagono,0
Bidimensionalità,Riflessione (geometria),0
Sezione (geometria descrittiva),Poliedro,0
Vertice (geometria),Triangolo isoscele,0
Circonferenza,Triangolo,0
Vertice (geometria),Triangolo rettangolo,0
Teorema di Pitagora,Triangolo isoscele,0
Punto medio,Similitudine (geometria),0
Spazio (matematica),Punto (geometria),0
Quadrato,Faccia (geometria),0
Triangolo,Rettangolo,0
Punto medio,Trapezio,0
Triangolo isoscele,Triangolo,1
Prisma,Spigolo,1
Asse di un segmento,Aquilone (geometria),0
Collinearità,Retta,1
Poligono stellato,Decagono,0
Triangolo isoscele,Tangente (geometria),0
Retta,Rombo (geometria),0
Vertice (geometria),Diagonale,0
Perpendicolarità,Corda (geometria),0
Segmento,Circonferenza,0
Segmento,Corda (geometria),0
Piramide (geometria),Tangente (geometria),0
Cono,Piramide (geometria),0
Bidimensionalità,Ettagono,0
Rombo (geometria),Simmetria,0
Perpendicolarità,Triangolo,0
Rombo (geometria),Similitudine (geometria),0
Bidimensionalità,Rettangolo,0
Distanza (matematica),Triangolo rettangolo,0
Pendenza topografica,Coefficiente angolare,1
Triangolo equilatero,Punto (geometria),1
Geometria,Esagono,0
Punto medio,Tangente (geometria),0
Parallelogramma,Tassellatura,0
Teorema di Pitagora,Angolo retto,1
Tangente (geometria),Cono,0
Poligono stellato,Punto (geometria),1
Punto (geometria),Parallelogramma,0
Raggio (geometria),Lunghezza di un arco,0
Cono,Angolo,0
Funzione trigonometrica,Tangente (geometria),0
Rettangolo,Piramide (geometria),0
Punto medio,Poligono,0
Quadrato,Teorema di Pitagora,0
Trapezio,Triangolo,0
Punto (geometria),Sistema di riferimento cartesiano,0
Collinearità,Distanza (matematica),0
Angolo,Retta,1
Triangolo,Segmento,1
Angolo,Rombo (geometria),0
Geometria,Sfera,0
Lunghezza di un arco,Segmento,0
Sistema di riferimento cartesiano,Raggio (geometria),0
Sfera,Sistema di coordinate,0
Triangolo,Sistema di coordinate,0
Congruenza (geometria),Sfera,0
Angolo,Punto medio,0
Similitudine (geometria),Geometria,1
Cilindro (geometria),Sfera,0
Coefficiente angolare,Distanza (matematica),0
Endecagono,Punto (geometria),1
Collinearità,Asse di un segmento,0
Piano (geometria),Punto (geometria),0
Diagonale,Aquilone (geometria),0
Collinearità,Punto medio,0
Sistema di riferimento cartesiano,Spazio (matematica),0
Poligono,Raggio (geometria),0
Dodecagono,Pentagono,0
Funzione trigonometrica,Sistema di riferimento cartesiano,0
Funzione trigonometrica inversa,Retta,1
Lunghezza di un arco,Triangolo rettangolo,0
Triangolo,Spigolo,1
Punto medio,Teorema della bisettrice,0
Tangente (geometria),Segmento,1
Piano (geometria),Faccia (geometria),0
Simmetria,Trapezio,0
Circonferenza,Perpendicolarità,0
Poligono,Prisma,0
Rombo (geometria),Piramide (geometria),0
Segmento,Distanza (matematica),0
Retta,Esagono,0
Punto (geometria),Terna pitagorica,0
Segmento,Tangente (geometria),0
Vertice (geometria),Tangente (geometria),0
Triangolo equilatero,Poligono,1
Triangolo rettangolo,Similitudine (geometria),0
Teorema di Pitagora,Seno (matematica),0
Triangolo,Poligono,1
Funzione trigonometrica,Triangolo,1
Quadrilatero,Geometria,1
Tangente (geometria),Vertice (geometria),1
Sezione (geometria descrittiva),Segmento,0
Perpendicolarità,Asse di un segmento,0
Diagonale,Circonferenza,0
Ottagono,Punto (geometria),1
Angolo retto,Sistema di coordinate,0
Ennagono,Poligono,1
Tangente (geometria),Parallelogramma,0
Congruenza (geometria),Riflessione (geometria),0
Rotazione (matematica),Angolo,1
Teorema di Pitagora,Congruenza (geometria),0
Segmento,Poligono stellato,0
Sistema di riferimento cartesiano,Circonferenza,0
Teorema di Pitagora,Triangolo equilatero,0
Triangolo,Funzione trigonometrica inversa,0
Geometria,Rotazione (matematica),0
Arco (geometria),Lunghezza di un arco,0
Triangolo rettangolo,Punto medio,0
Retta,Coefficiente angolare,0
Coefficiente angolare,Retta,1
Dodecagono,Esagono,0
Trapezio,Circonferenza,0
Asse di un segmento,Punto (geometria),1
Triangolo,Distanza (matematica),0
Disuguaglianza triangolare,Spigolo,1
Coefficiente angolare,Punto (geometria),1
Circonferenza,Rombo (geometria),0
Distanza (matematica),Parallelismo (geometria),0
Diagonale,Segmento,1
Secante (geometria),Corda (geometria),0
Congruenza (geometria),Perpendicolarità,0
Rotazione (matematica),Circonferenza,0
Cilindro (geometria),Segmento,0
Angolo,Funzione trigonometrica inversa,0
Geometria,Decagono,0
Collinearità,Piano (geometria),0
Sfera,Angolo,0
Tangente (geometria),Collinearità,0
Sezione (geometria descrittiva),Poligono,0
Quadrilatero,Angolo,1
Triangolo isoscele,Punto medio,0
Quadrilatero,Trapezio,0
Quadrato,Angolo,1
Perpendicolarità,Riflessione (geometria),0
Decagono,Pentagono,0
Retta,Triangolo rettangolo,0
Rombo (geometria),Asse di un segmento,0
Riflessione (geometria),Geometria,1
Poligono,Sfera,0
Lunghezza di un arco,Tangente (geometria),0
Vertice (geometria),Disuguaglianza triangolare,0
Aquilone (geometria),Geometria,1
Angolo,Triangolo rettangolo,0
Punto medio,Triangolo isoscele,0
Diagonale,Rettangolo,0
Diagonale,Poliedro,0
Traslazione (geometria),Sistema di coordinate,0
Bidimensionalità,Geometria,1
Geometria,Seno (matematica),0
Triangolo,Terna pitagorica,0
Teorema di Pitagora,Triangolo rettangolo,1
Piano (geometria),Tassellatura,0
Triangolo,Similitudine (geometria),0
Sezione (geometria descrittiva),Tangente (geometria),0
Triangolo equilatero,Triangolo,1
Funzione trigonometrica,Circonferenza,0
Rettangolo,Similitudine (geometria),0
Circonferenza,Arco (geometria),0
Parallelogramma,Trapezio,0
Trapezio,Quadrato,0
Secante (geometria),Geometria,1
Cono,Geometria,1
Prisma,Quadrato,0
Piramide (geometria),Rombo (geometria),0
Quadrato,Punto (geometria),1
Similitudine (geometria),Poligono,0
Punto (geometria),Collinearità,0
Geometria,Distanza (matematica),0
Vertice (geometria),Geometria,1
Sistema di riferimento cartesiano,Traslazione (geometria),0
Distanza (matematica),Collinearità,0
Secante (geometria),Tangente (geometria),0
Congruenza (geometria),Distanza (matematica),0
Simmetria,Quadrato,0
Seno (matematica),Angolo,1
Segmento,Punto medio,0
Prisma,Poliedro,1
Triangolo,Vertice (geometria),1
Poliedro,Simmetria,0
Diagonale,Perpendicolarità,0
Bidimensionalità,Sistema di coordinate,0
Ettagono,Angolo,1
Triangolo rettangolo,Segmento,1
Piano (geometria),Rotazione (matematica),0
Quadrato,Esagono,0
Rettangolo,Parallelogramma,1
Retta,Riflessione (geometria),0
Funzione trigonometrica,Segmento,1
Traslazione (geometria),Segmento,0
Riflessione (geometria),Sistema di riferimento cartesiano,0
Poligono,Poligono stellato,0
Secante (geometria),Circonferenza,0
Sfera,Punto (geometria),0
Diametro,Lunghezza di un arco,0
Diametro,Angolo,0
Bidimensionalità,Poligono,0
Spigolo,Ottagono,0
Vertice (geometria),Ettagono,0
Parallelogramma,Parallelismo (geometria),1
Retta,Teorema della bisettrice,0
Poliedro,Tassellatura,0
Parallelogramma,Faccia (geometria),0
Diametro,Punto (geometria),1
Aquilone (geometria),Diagonale,0
Perpendicolarità,Raggio (geometria),0
Seno (matematica),Vertice (geometria),1
Distanza (matematica),Punto medio,0
Congruenza (geometria),Segmento,1
Cono,Poligono,0
Triangolo isoscele,Angolo,1
Prisma,Parallelogramma,0
Triangolo,Trapezio,0
Poligono,Vertice (geometria),1
Angolo,Triangolo isoscele,0
Quadrato,Similitudine (geometria),0
Ettagono,Punto (geometria),1
Distanza (matematica),Segmento,0
Rettangolo,Tassellatura,0
Piramide (geometria),Spigolo,1
Spigolo,Quadrilatero,0
Sfera,Piano (geometria),0
Teorema della bisettrice,Circonferenza,0
Congruenza (geometria),Rombo (geometria),0
Circonferenza,Quadrilatero,0
Rettangolo,Quadrilatero,1
Seno (matematica),Teorema di Pitagora,0
Punto (geometria),Ottagono,0
Congruenza (geometria),Spazio (matematica),0
Sistema di riferimento cartesiano,Triangolo,0
Perpendicolarità,Geometria,1
Diagonale,Asse di un segmento,0
Disuguaglianza triangolare,Parallelogramma,0
Sistema di coordinate,Congruenza (geometria),0
Retta,Perpendicolarità,0
Circonferenza,Punto medio,0
Lunghezza di un arco,Coefficiente angolare,0
Rettangolo,Triangolo,0
Riflessione (geometria),Perpendicolarità,0
Distanza (matematica),Teorema di Pitagora,0
Sistema di coordinate,Sistema di riferimento cartesiano,0
Parallelogramma,Aquilone (geometria),0
Angolo,Angolo retto,0
Geometria,Diagonale,0
Corda (geometria),Circonferenza,1
Pentagono,Retta,1
Poliedro,Sistema di coordinate,0
Teorema di Pitagora,Similitudine (geometria),0
Retta,Quadrato,0
Esagono,Tangente (geometria),0
Geometria,Riflessione (geometria),0
Diametro,Decagono,0
Similitudine (geometria),Triangolo,0
Faccia (geometria),Poliedro,0
Cilindro (geometria),Prisma,0
Quadrilatero,Parallelogramma,0
Poligono,Seno (matematica),0
Ottagono,Bidimensionalità,0
Funzione trigonometrica,Triangolo rettangolo,0
Tassellatura,Spigolo,0
Decagono,Poligono stellato,0
Dodecagono,Bidimensionalità,0
Punto medio,Sistema di coordinate,0
Tassellatura,Simmetria,0
Rombo (geometria),Punto (geometria),1
Disuguaglianza triangolare,Circonferenza,0
Quadrilatero,Esagono,0
Triangolo,Punto medio,0
Cilindro (geometria),Sezione (geometria descrittiva),0
Tassellatura,Poliedro,0
Angolo retto,Sistema di coordinate,0
Sfera,Disuguaglianza triangolare,0
Perpendicolarità,Punto medio,0
Triangolo rettangolo,Perpendicolarità,0
Spigolo,Vertice (geometria),1
Geometria,Traslazione (geometria),0
Lunghezza di un arco,Sfera,0
Geometria,Punto medio,0
Pentagono,Prisma,0
Tassellatura,Congruenza (geometria),0
Disuguaglianza triangolare,Vertice (geometria),1
Triangolo isoscele,Perpendicolarità,0
Punto (geometria),Ettagono,0
Segmento,Triangolo equilatero,0
Sfera,Tassellatura,0
Parallelogramma,Distanza (matematica),0
Tangente (geometria),Sezione (geometria descrittiva),0
Retta,Sfera,0
Lunghezza di un arco,Punto (geometria),0
Funzione trigonometrica inversa,Punto (geometria),1
Piano (geometria),Arco (geometria),0
Perpendicolarità,Piramide (geometria),0
Faccia (geometria),Parallelogramma,0
Aquilone (geometria),Retta,1
Parallelismo (geometria),Segmento,0
Quadrilatero,Pentagono,0
Piramide (geometria),Piano (geometria),0
Quadrato,Perpendicolarità,0
Asse di un segmento,Quadrilatero,0
Dodecagono,Poligono stellato,0
Angolo retto,Punto (geometria),1
Sistema di coordinate,Bidimensionalità,1
Segmento,Piramide (geometria),0
Triangolo isoscele,Rombo (geometria),0
Perpendicolarità,Prisma,0
Congruenza (geometria),Seno (matematica),0
Circonferenza,Secante (geometria),0
Ottagono,Quadrato,0
Diagonale,Parallelogramma,0
Lunghezza di un arco,Arco (geometria),1
Punto (geometria),Seno (matematica),0
Faccia (geometria),Poligono,0
Secante (geometria),Coefficiente angolare,0
Cono,Raggio (geometria),0
Coefficiente angolare,Parallelismo (geometria),0
Circonferenza,Coefficiente angolare,0
Diametro,Arco (geometria),0
Distanza (matematica),Prisma,0
Distanza (matematica),Quadrato,0
Sfera,Poliedro,0
Parallelismo (geometria),Circonferenza,0
Circonferenza,Corda (geometria),0
Teorema della bisettrice,Seno (matematica),0
Tassellatura,Poligono,0
Triangolo isoscele,Piramide (geometria),0
Seno (matematica),Coefficiente angolare,0
Triangolo rettangolo,Vertice (geometria),1
Quadrato,Distanza (matematica),0
Bidimensionalità,Poligono stellato,0
Arco (geometria),Geometria,1
Corda (geometria),Punto medio,0
Vertice (geometria),Perpendicolarità,0
Punto medio,Circonferenza,0
Sistema di coordinate,Angolo,0
Cilindro (geometria),Distanza (matematica),0
Rotazione (matematica),Retta,1
Collinearità,Rettangolo,0
Riflessione (geometria),Bidimensionalità,0
Triangolo rettangolo,Angolo retto,1
Retta,Circonferenza,0
Triangolo,Rombo (geometria),0
Funzione trigonometrica,Coefficiente angolare,0
Segmento,Funzione trigonometrica,0
Prisma,Sezione (geometria descrittiva),0
Similitudine (geometria),Trapezio,0
Spazio (matematica),Angolo,0
Diagonale,Poligono,1
Sfera,Diametro,0
Parallelogramma,Punto (geometria),1
Poligono,Dodecagono,0
Trapezio,Similitudine (geometria),0
Spigolo,Quadrato,0
Circonferenza,Similitudine (geometria),0
Geometria,Tangente (geometria),0
Rombo (geometria),Triangolo isoscele,0
Segmento,Rettangolo,0
Trapezio,Asse di un segmento,0
Tangente (geometria),Esagono,0
Spigolo,Dodecagono,0
Disuguaglianza triangolare,Punto (geometria),1
Geometria,Auto similarità,0
Tangente (geometria),Poligono,1
Angolo,Asse di un segmento,0
Quadrato,Triangolo rettangolo,0
Triangolo,Sistema di riferimento cartesiano,0
Perpendicolarità,Triangolo isoscele,0
Angolo,Pentagono,0
Quadrato,Vertice (geometria),1
Tangente (geometria),Distanza (matematica),0
Arco (geometria),Circonferenza,1
Disuguaglianza triangolare,Triangolo rettangolo,0
Teorema di Pitagora,Parallelogramma,0
Poligono,Endecagono,0
Sistema di riferimento cartesiano,Riflessione (geometria),0
Arco (geometria),Tangente (geometria),0
Triangolo rettangolo,Parallelogramma,0
Collinearità,Corda (geometria),0
Spigolo,Triangolo,0
Distanza (matematica),Parallelismo (geometria),0
Sfera,Teorema di Pitagora,0
Spigolo,Triangolo equilatero,0
Quadrilatero,Rettangolo,0
Quadrilatero,Simmetria,0
Triangolo isoscele,Teorema di Pitagora,0
Poligono stellato,Poliedro,0
Punto medio,Quadrilatero,0
Vertice (geometria),Decagono,0
Rettangolo,Rombo (geometria),0
Retta,Ottagono,0
Triangolo equilatero,Spigolo,1
Trapezio,Rettangolo,0
Pendenza topografica,Seno (matematica),0
Segmento,Dodecagono,0
Punto (geometria),Poligono stellato,0
Piramide (geometria),Vertice (geometria),1
Raggio (geometria),Funzione trigonometrica,0
Sistema di coordinate,Sfera,0
Poligono,Triangolo isoscele,0
Punto (geometria),Ennagono,0
Angolo,Poligono stellato,0
Seno (matematica),Geometria,1
Geometria,Arco (geometria),0
Distanza (matematica),Sistema di riferimento cartesiano,0
Coefficiente angolare,Tangente (geometria),0
Circonferenza,Triangolo rettangolo,0
Tangente (geometria),Asse di un segmento,0
Parallelogramma,Teorema di Pitagora,0
Prisma,Punto (geometria),1
Sistema di riferimento cartesiano,Funzione trigonometrica,0
Retta,Triangolo,0
Collinearità,Sfera,0
Tangente (geometria),Perpendicolarità,0
Angolo,Rettangolo,0
Decagono,Vertice (geometria),1
Circonferenza,Sistema di coordinate,0
Diametro,Distanza (matematica),0
Punto medio,Collinearità,0
Ottagono,Vertice (geometria),1
Perpendicolarità,Retta,1
Geometria,Parallelismo (geometria),0
Spigolo,Prisma,0
Sistema di coordinate,Raggio (geometria),0
Triangolo equilatero,Tassellatura,0
Teorema di Pitagora,Diametro,0
Cilindro (geometria),Sezione (geometria descrittiva),0
Angolo,Diametro,0
Similitudine (geometria),Funzione trigonometrica,0
Geometria,Aquilone (geometria),0
Triangolo,Triangolo isoscele,0
Teorema di Pitagora,Poligono,1
Simmetria,Asse di un segmento,0
Diametro,Parallelogramma,0
Parallelogramma,Diametro,0
Quadrato,Retta,1
Sistema di coordinate,Punto medio,0
Angolo,Prisma,0
Simmetria,Poliedro,0
Poliedro,Poligono,1
Punto (geometria),Retta,0
Rettangolo,Collinearità,0
Distanza (matematica),Funzione trigonometrica,0
Distanza (matematica),Congruenza (geometria),0
Arco (geometria),Corda (geometria),0
Quadrato,Diagonale,0
Segmento,Arco (geometria),0
Piramide (geometria),Triangolo equilatero,0
Punto (geometria),Esagono,0
Diagonale,Vertice (geometria),1
Poligono,Quadrilatero,0
Teorema di Pitagora,Funzione trigonometrica,0
Similitudine (geometria),Spazio (matematica),0
Perpendicolarità,Segmento,0
Asse di un segmento,Corda (geometria),0
Teorema della bisettrice,Retta,1
Arco (geometria),Segmento,0
Raggio (geometria),Perpendicolarità,0
Perpendicolarità,Congruenza (geometria),0
Funzione trigonometrica,Distanza (matematica),0
Vertice (geometria),Aquilone (geometria),0
Poligono,Teorema della bisettrice,0
Retta,Segmento,0
Congruenza (geometria),Traslazione (geometria),0
Collinearità,Tangente (geometria),0
Rombo (geometria),Cono,0
Punto (geometria),Disuguaglianza triangolare,0
Piano (geometria),Perpendicolarità,0
Triangolo rettangolo,Funzione trigonometrica,0
Triangolo rettangolo,Circonferenza,0
Poligono,Retta,1
Angolo,Triangolo,0
Piramide (geometria),Sfera,0
Parallelismo (geometria),Piano (geometria),0
Spigolo,Poligono stellato,0
Vertice (geometria),Angolo,0
Segmento,Punto (geometria),1
Riflessione (geometria),Congruenza (geometria),0
Angolo,Quadrilatero,0
Congruenza (geometria),Poligono,1
Poliedro,Sfera,0
Dodecagono,Punto (geometria),1
Pentagono,Angolo,1
Perpendicolarità,Sistema di riferimento cartesiano,0
Tangente (geometria),Diametro,0
Lunghezza di un arco,Sistema di coordinate,0
Funzione trigonometrica inversa,Spigolo,1
Poligono stellato,Spigolo,1
Tassellatura,Poligono stellato,0
Perpendicolarità,Piano (geometria),0
Congruenza (geometria),Faccia (geometria),0
Punto medio,Perpendicolarità,0
Teorema di Pitagora,Geometria,1
Angolo,Quadrato,0
Spigolo,Aquilone (geometria),0
Angolo,Ettagono,0
Simmetria,Quadrilatero,0
Retta,Secante (geometria),0
Parallelogramma,Quadrilatero,1
Punto (geometria),Trapezio,0
Punto (geometria),Coefficiente angolare,0
Perpendicolarità,Aquilone (geometria),0
Aquilone (geometria),Diametro,0
Bidimensionalità,Sfera,0
Prisma,Faccia (geometria),1
Rombo (geometria),Aquilone (geometria),0
Geometria,Secante (geometria),0
Corda (geometria),Segmento,1
Tangente (geometria),Aquilone (geometria),0
Quadrato,Prisma,0
Geometria,Poligono,0
Aquilone (geometria),Punto (geometria),1
Parallelogramma,Diagonale,0
Perpendicolarità,Diametro,0
Tangente (geometria),Punto medio,0
Spigolo,Tassellatura,0
Teorema della bisettrice,Angolo,1
Similitudine (geometria),Rotazione (matematica),0
Asse di un segmento,Rombo (geometria),0
Circonferenza,Teorema della bisettrice,0
Geometria,Ennagono,0
Triangolo,Rettangolo,0
Terna pitagorica,Similitudine (geometria),0
Geometria,Asse di un segmento,0
Triangolo,Perpendicolarità,0
Sistema di coordinate,Piano (geometria),1
Triangolo equilatero,Bidimensionalità,0
Poligono stellato,Simmetria,0
Funzione trigonometrica inversa,Triangolo,1
Teorema della bisettrice,Asse di un segmento,1
Quadrato,Aquilone (geometria),0
Ettagono,Geometria,1
Traslazione (geometria),Simmetria,1
Spigolo,Funzione trigonometrica,0
Punto (geometria),Quadrilatero,0
Faccia (geometria),Quadrato,0
Aquilone (geometria),Rombo (geometria),0
Triangolo isoscele,Vertice (geometria),1
Poliedro,Faccia (geometria),1
Angolo retto,Retta,1
Traslazione (geometria),Rettangolo,0
Poliedro,Rombo (geometria),0
Circonferenza,Funzione trigonometrica,0
Piano (geometria),Geometria,1
Tangente (geometria),Rombo (geometria),0
Tangente (geometria),Triangolo rettangolo,0
Spigolo,Disuguaglianza triangolare,0
Sistema di riferimento cartesiano,Rotazione (matematica),0
Sistema di riferimento cartesiano,Cono,0
Collinearità,Punto (geometria),1
Faccia (geometria),Spigolo,0
Seno (matematica),Sistema di riferimento cartesiano,0
Quadrato,Poligono,1
Rombo (geometria),Faccia (geometria),0
Rettangolo,Punto medio,0
Lunghezza di un arco,Raggio (geometria),0
Circonferenza,Teorema di Pitagora,0
Triangolo rettangolo,Seno (matematica),0
Segmento,Teorema della bisettrice,0
Vertice (geometria),Tassellatura,0
Esagono,Spigolo,1
Piano (geometria),Piramide (geometria),0
Triangolo rettangolo,Angolo,1
Sistema di coordinate,Punto (geometria),1
Prisma,Distanza (matematica),0
Sistema di coordinate,Cilindro (geometria),0
Triangolo rettangolo,Rettangolo,0
Triangolo rettangolo,Funzione trigonometrica inversa,0
Distanza (matematica),Geometria,0
Esagono,Quadrilatero,0
Triangolo,Seno (matematica),0
Pendenza topografica,Distanza (matematica),0
Faccia (geometria),Congruenza (geometria),0
Rettangolo,Circonferenza,0
Quadrilatero,Poligono,1
Simmetria,Similitudine (geometria),0
Angolo,Coefficiente angolare,0
Geometria,Lunghezza di un arco,0
Faccia (geometria),Vertice (geometria),0
Endecagono,Bidimensionalità,0
Terna pitagorica,Triangolo,1
Pendenza topografica,Retta,1
Simmetria,Rombo (geometria),0
Diagonale,Rombo (geometria),0
Tassellatura,Angolo,0
Piramide (geometria),Angolo,1
Poligono,Cono,0
Triangolo equilatero,Quadrato,0
Punto (geometria),Triangolo isoscele,0
Pentagono,Geometria,1
Retta,Poligono stellato,0
Quadrato,Parallelismo (geometria),1
Tassellatura,Quadrato,0
Piano (geometria),Sfera,0
Riflessione (geometria),Circonferenza,0
Parallelismo (geometria),Parallelogramma,0
Sfera,Vertice (geometria),0
Sfera,Piramide (geometria),0
Punto (geometria),Dodecagono,0
Piramide (geometria),Segmento,1
Endecagono,Segmento,1
Disuguaglianza triangolare,Segmento,1
Spigolo,Faccia (geometria),0
Triangolo,Parallelogramma,0
Triangolo,Piramide (geometria),0
Triangolo isoscele,Spigolo,1
Retta,Parallelogramma,0
Aquilone (geometria),Perpendicolarità,0
Geometria,Ottagono,0
Circonferenza,Congruenza (geometria),0
Triangolo,Triangolo rettangolo,0
Aquilone (geometria),Vertice (geometria),1
Tassellatura,Sfera,0
Punto (geometria),Spazio (matematica),0
Traslazione (geometria),Similitudine (geometria),0
Distanza (matematica),Coefficiente angolare,0
Distanza (matematica),Parallelogramma,0
Collinearità,Geometria,1
Rombo (geometria),Diagonale,0
Circonferenza,Triangolo,0
Retta,Corda (geometria),0
Esagono,Quadrato,0
Congruenza (geometria),Tassellatura,0
Rombo (geometria),Punto medio,0
Ennagono,Angolo,1
Spigolo,Piramide (geometria),0
Similitudine (geometria),Triangolo rettangolo,0
Poliedro,Segmento,1
Distanza (matematica),Circonferenza,0
Prisma,Vertice (geometria),1
Angolo,Disuguaglianza triangolare,0
Poliedro,Piramide (geometria),0
Sfera,Geometria,1
Retta,Rettangolo,0
Coefficiente angolare,Secante (geometria),0
Asse di un segmento,Triangolo,0
Raggio (geometria),Distanza (matematica),0
Piano (geometria),Sezione (geometria descrittiva),0
Punto medio,Geometria,1
Poligono,Spigolo,1
Cilindro (geometria),Geometria,1
Quadrilatero,Perpendicolarità,0
Quadrilatero,Tangente (geometria),0
Punto (geometria),Quadrato,0
Sistema di riferimento cartesiano,Perpendicolarità,1
Raggio (geometria),Cono,0
Sistema di coordinate,Seno (matematica),0
Rombo (geometria),Poligono,1
Geometria,Parallelogramma,0
Endecagono,Vertice (geometria),1
Ennagono,Punto (geometria),1
Parallelogramma,Tangente (geometria),0
Funzione trigonometrica,Geometria,1
Disuguaglianza triangolare,Teorema di Pitagora,0
Quadrilatero,Rombo (geometria),0
Coefficiente angolare,Pendenza topografica,0
Punto medio,Triangolo,0
Triangolo,Funzione trigonometrica,0
Perpendicolarità,Circonferenza,0
Vertice (geometria),Ennagono,0
Aquilone (geometria),Tangente (geometria),0
Retta,Ennagono,0
Triangolo isoscele,Retta,1
Funzione trigonometrica inversa,Vertice (geometria),1
Poligono stellato,Geometria,1
Circonferenza,Sistema di riferimento cartesiano,0
Circonferenza,Poligono,0
Ottagono,Poligono stellato,0
Sfera,Retta,0
Coefficiente angolare,Perpendicolarità,0
Poligono stellato,Retta,1
Quadrato,Tassellatura,0
Angolo,Endecagono,0
Segmento,Diagonale,0
Spazio (matematica),Congruenza (geometria),0
Angolo retto,Triangolo rettangolo,0
Triangolo isoscele,Punto (geometria),1
Quadrato,Triangolo equilatero,0
Arco (geometria),Asse di un segmento,0
Spigolo,Triangolo rettangolo,0
Piramide (geometria),Rettangolo,0
Teorema di Pitagora,Triangolo,1
Aquilone (geometria),Tassellatura,0
Sistema di riferimento cartesiano,Seno (matematica),0
Triangolo rettangolo,Teorema di Pitagora,0
Tangente (geometria),Quadrilatero,0
Disuguaglianza triangolare,Terna pitagorica,0
Sezione (geometria descrittiva),Cilindro (geometria),0
Aquilone (geometria),Segmento,1
Spigolo,Teorema di Pitagora,0
Prisma,Cilindro (geometria),0
Rotazione (matematica),Sfera,0
Seno (matematica),Funzione trigonometrica inversa,0
Poligono,Poliedro,0
Rotazione (matematica),Geometria,1
Cono,Teorema di Pitagora,0
Asse di un segmento,Triangolo equilatero,0
Quadrato,Segmento,1
Sistema di riferimento cartesiano,Piano (geometria),1
Cono,Cilindro (geometria),0
Parallelogramma,Prisma,0
Aquilone (geometria),Parallelogramma,0
Seno (matematica),Retta,1
Traslazione (geometria),Rotazione (matematica),0
Rotazione (matematica),Sistema di riferimento cartesiano,0
Quadrato,Bidimensionalità,0
Parallelogramma,Vertice (geometria),1
Vertice (geometria),Teorema della bisettrice,0
Vertice (geometria),Funzione trigonometrica inversa,0
Ettagono,Bidimensionalità,0
Congruenza (geometria),Retta,1
Poliedro,Sfera,0
Poligono,Geometria,1
Distanza (matematica),Retta,0
Punto (geometria),Rombo (geometria),0
Circonferenza,Retta,0
Geometria,Coefficiente angolare,0
Angolo retto,Trapezio,0
Simmetria,Prisma,0
Aquilone (geometria),Quadrato,0
Sfera,Bidimensionalità,0
Asse di un segmento,Teorema della bisettrice,0
Triangolo rettangolo,Retta,1
Poligono,Triangolo equilatero,0
Rettangolo,Geometria,1
Seno (matematica),Spigolo,1
Diametro,Asse di un segmento,0
Tassellatura,Triangolo equilatero,0
Punto medio,Triangolo,0
Triangolo rettangolo,Tangente (geometria),0
Tassellatura,Faccia (geometria),0
Teorema di Pitagora,Distanza (matematica),0
Diametro,Punto medio,0
Punto (geometria),Circonferenza,0
Segmento,Cilindro (geometria),0
Punto (geometria),Triangolo rettangolo,0
Lunghezza di un arco,Geometria,1
Similitudine (geometria),Rettangolo,0
Spigolo,Endecagono,0
Triangolo,Asse di un segmento,0
Sfera,Rettangolo,0
Lunghezza di un arco,Diametro,0
Segmento,Disuguaglianza triangolare,0
Circonferenza,Funzione trigonometrica inversa,0
Piramide (geometria),Triangolo isoscele,0
Teorema di Pitagora,Bidimensionalità,0
Spigolo,Rettangolo,0
Angolo,Decagono,0
Rotazione (matematica),Traslazione (geometria),0
Quadrilatero,Quadrato,0
Congruenza (geometria),Sistema di coordinate,0
Teorema della bisettrice,Punto medio,1
Piramide (geometria),Poliedro,0
Triangolo rettangolo,Quadrato,0
Sfera,Congruenza (geometria),0
Simmetria,Punto medio,0
Poligono,Teorema di Pitagora,0
Piano (geometria),Parallelismo (geometria),0
Poligono stellato,Ottagono,0
Asse di un segmento,Angolo,1
Similitudine (geometria),Circonferenza,0
Teorema della bisettrice,Poligono,1
Funzione trigonometrica inversa,Angolo,1
Vertice (geometria),Seno (matematica),0
Piramide (geometria),Punto (geometria),1
Rettangolo,Quadrato,0
Ottagono,Angolo,1
Disuguaglianza triangolare,Poligono,1
Punto (geometria),Angolo retto,0
Triangolo rettangolo,Aquilone (geometria),0
Triangolo,Diametro,0
Triangolo,Quadrilatero,0
Sistema di riferimento cartesiano,Poliedro,0
Poligono,Disuguaglianza triangolare,0
Aquilone (geometria),Rettangolo,0
Similitudine (geometria),Traslazione (geometria),0
Seno (matematica),Similitudine (geometria),0
Diagonale,Retta,1
Spigolo,Poliedro,0
Angolo,Ennagono,0
Poligono,Pentagono,0
Funzione trigonometrica,Teorema di Pitagora,0
Ennagono,Spigolo,1
Esagono,Poligono,1
Retta,Parallelismo (geometria),0
Sistema di coordinate,Angolo retto,0
Triangolo,Sfera,0
Cilindro (geometria),Cono,0
Faccia (geometria),Tassellatura,0
Asse di un segmento,Quadrato,0
Dodecagono,Retta,1
Segmento,Esagono,0
Esagono,Poligono stellato,0
Circonferenza,Disuguaglianza triangolare,0
Punto (geometria),Pendenza topografica,0
Distanza (matematica),Cilindro (geometria),0
Angolo retto,Triangolo,0
Angolo,Poliedro,0
Quadrilatero,Asse di un segmento,0
Rombo (geometria),Circonferenza,0
Secante (geometria),Retta,1
Diagonale,Rombo (geometria),0
Angolo,Geometria,1
Similitudine (geometria),Riflessione (geometria),0
Triangolo equilatero,Triangolo isoscele,0
Geometria,Piano (geometria),0
Tangente (geometria),Angolo,1
Retta,Punto (geometria),1
Vertice (geometria),Triangolo,0
Asse di un segmento,Rettangolo,0
Retta,Tangente (geometria),0
Rettangolo,Simmetria,0
Pentagono,Decagono,0
Arco (geometria),Diametro,0
Punto medio,Simmetria,0
Angolo,Cilindro (geometria),0
Segmento,Faccia (geometria),0
Funzione trigonometrica,Punto (geometria),1
Retta,Seno (matematica),0
Triangolo rettangolo,Lunghezza di un arco,0
Circonferenza,Raggio (geometria),0
Poligono,Ottagono,0
Circonferenza,Pentagono,0
Segmento,Lunghezza di un arco,0
Poliedro,Angolo,1
Punto (geometria),Decagono,0
Rombo (geometria),Poliedro,0
Triangolo rettangolo,Geometria,1
Geometria,Cilindro (geometria),0
Parallelogramma,Teorema di Pitagora,0
Poligono,Spazio (matematica),0
Retta,Ettagono,0
Poligono stellato,Dodecagono,0
Rettangolo,Segmento,1
Segmento,Traslazione (geometria),0
Sfera,Circonferenza,1
Diametro,Circonferenza,1
Segmento,Teorema di Pitagora,0
Rettangolo,Bidimensionalità,0
Trapezio,Punto medio,0
Retta,Collinearità,0
Perpendicolarità,Quadrato,0
Trapezio,Quadrilatero,0
Similitudine (geometria),Terna pitagorica,0
Similitudine (geometria),Triangolo equilatero,0
Triangolo,Retta,1
Diagonale,Quadrato,0
Cono,Circonferenza,1
Parallelogramma,Congruenza (geometria),0
Triangolo isoscele,Congruenza (geometria),0
Corda (geometria),Retta,1
Vertice (geometria),Triangolo equilatero,0
Pentagono,Poligono stellato,0
Triangolo isoscele,Poligono,1
Funzione trigonometrica,Funzione trigonometrica inversa,0
Perpendicolarità,Quadrilatero,0
Auto similarità,Geometria,1
Lunghezza di un arco,Angolo,0
Poligono stellato,Angolo,1
Angolo,Spazio (matematica),0
Decagono,Geometria,1
Diametro,Geometria,1
Poligono,Diagonale,0
Tassellatura,Vertice (geometria),0
Tangente (geometria),Circonferenza,0
Quadrilatero,Circonferenza,0
Rettangolo,Retta,1
Retta,Teorema di Pitagora,0
Esagono,Dodecagono,0
Angolo,Teorema della bisettrice,0
Traslazione (geometria),Sistema di riferimento cartesiano,0
Congruenza (geometria),Teorema di Pitagora,0
Geometria,Diametro,0
Rombo (geometria),Quadrilatero,1
Funzione trigonometrica inversa,Triangolo rettangolo,0
Cono,Tangente (geometria),0
Quadrilatero,Vertice (geometria),1
Geometria,Collinearità,0
Parallelismo (geometria),Distanza (matematica),0
Pentagono,Quadrilatero,0
Spigolo,Segmento,1
Teorema di Pitagora,Funzione trigonometrica inversa,0
Ettagono,Segmento,1
Sezione (geometria descrittiva),Prisma,0
Rettangolo,Triangolo,0
Similitudine (geometria),Rombo (geometria),0
Decagono,Circonferenza,0
Perpendicolarità,Arco (geometria),0
Triangolo,Triangolo equilatero,0
Retta,Pendenza topografica,0
Tangente (geometria),Secante (geometria),0
Spigolo,Congruenza (geometria),0
Simmetria,Faccia (geometria),0
Geometria,Segmento,0
Poligono stellato,Esagono,0
Sfera,Poliedro,0
Congruenza (geometria),Prisma,0
Angolo,Ottagono,0
Rettangolo,Aquilone (geometria),0
Poligono stellato,Pentagono,0
Dodecagono,Poligono,1
Retta,Pentagono,0
Teorema di Pitagora,Perpendicolarità,0
Rotazione (matematica),Piano (geometria),0
Seno (matematica),Teorema della bisettrice,0
Seno (matematica),Congruenza (geometria),0
Sfera,Raggio (geometria),0
Poligono,Bidimensionalità,0
Trapezio,Parallelogramma,0
Retta,Diagonale,0
Poligono,Tassellatura,0
Coefficiente angolare,Seno (matematica),0
Geometria,Quadrilatero,0
Lunghezza di un arco,Corda (geometria),0
Circonferenza,Distanza (matematica),0
Pentagono,Poligono,1
Dodecagono,Segmento,1
Faccia (geometria),Rombo (geometria),0
Triangolo equilatero,Segmento,1
Tassellatura,Piano (geometria),1
Punto medio,Diametro,0
Faccia (geometria),Prisma,0
Coefficiente angolare,Circonferenza,0
Rettangolo,Perpendicolarità,0
Sistema di coordinate,Lunghezza di un arco,0
Asse di un segmento,Geometria,1
Poliedro,Diagonale,0
Congruenza (geometria),Sistema di riferimento cartesiano,0
Spazio (matematica),Similitudine (geometria),0
Punto (geometria),Perpendicolarità,0
Esagono,Triangolo equilatero,0
Bidimensionalità,Teorema di Pitagora,0
Quadrato,Trapezio,0
Distanza (matematica),Similitudine (geometria),0
Sistema di riferimento cartesiano,Distanza (matematica),1
Sezione (geometria descrittiva),Piano (geometria),1
Angolo,Lunghezza di un arco,0
Tangente (geometria),Geometria,1
Poligono,Sezione (geometria descrittiva),0
Spigolo,Geometria,1
Quadrato,Geometria,1
Poligono stellato,Poligono,1
Angolo,Rotazione (matematica),0
Punto medio,Rombo (geometria),0
Prisma,Poligono,1
Seno (matematica),Triangolo rettangolo,0
Rombo (geometria),Triangolo,0
Piano (geometria),Triangolo,0
Tangente (geometria),Lunghezza di un arco,0
Parallelismo (geometria),Congruenza (geometria),0
Bidimensionalità,Decagono,0
Seno (matematica),Rombo (geometria),0
Punto (geometria),Angolo,0
Sfera,Rotazione (matematica),0
Cilindro (geometria),Circonferenza,1
Rettangolo,Parallelismo (geometria),1
Congruenza (geometria),Triangolo,0
Teorema della bisettrice,Perpendicolarità,1
Poliedro,Rombo (geometria),0
Vertice (geometria),Piramide (geometria),0
Perpendicolarità,Punto (geometria),1
Diametro,Congruenza (geometria),0
Cono,Segmento,0
Rombo (geometria),Parallelismo (geometria),1
Triangolo isoscele,Similitudine (geometria),0
Distanza (matematica),Triangolo,0
Triangolo,Piano (geometria),0
Tassellatura,Esagono,0
Pentagono,Circonferenza,0
Rotazione (matematica),Riflessione (geometria),0
Triangolo equilatero,Teorema di Pitagora,0
Geometria,Sistema di riferimento cartesiano,0
Geometria,Bidimensionalità,0
Aquilone (geometria),Poligono,1
Segmento,Endecagono,0
Circonferenza,Cilindro (geometria),0
Lunghezza di un arco,Poligono,0
Tangente (geometria),Funzione trigonometrica,1
Segmento,Pentagono,0
Geometria,Retta,0
Circonferenza,Angolo,0
Circonferenza,Cono,0
Bidimensionalità,Quadrato,0
Pentagono,Vertice (geometria),1
Circonferenza,Rettangolo,0
Punto (geometria),Endecagono,0
Sistema di riferimento cartesiano,Punto (geometria),1
Esagono,Pentagono,0
Tangente (geometria),Coefficiente angolare,0
Poligono,Funzione trigonometrica inversa,0
Retta,Dodecagono,0
Raggio (geometria),Poligono,0
Geometria,Pentagono,0
Triangolo rettangolo,Asse di un segmento,0
Ennagono,Vertice (geometria),1
Decagono,Retta,1
Faccia (geometria),Rombo (geometria),0
Rettangolo,Sfera,0
Congruenza (geometria),Triangolo isoscele,0
Triangolo rettangolo,Triangolo equilatero,0
Tangente (geometria),Retta,1
Circonferenza,Punto (geometria),0
Punto medio,Corda (geometria),0
Punto medio,Vertice (geometria),0
Rombo (geometria),Tangente (geometria),0
Piano (geometria),Retta,0
Geometria,Cono,0
Geometria,Corda (geometria),0
Tangente (geometria),Triangolo isoscele,0
Punto (geometria),Piramide (geometria),0
Segmento,Retta,1
Punto (geometria),Corda (geometria),0
Ottagono,Geometria,1
Corda (geometria),Collinearità,0
Quadrato,Rombo (geometria),0
Retta,Rotazione (matematica),0
Similitudine (geometria),Simmetria,0
Esagono,Punto (geometria),1
Trapezio,Poliedro,0
Segmento,Sezione (geometria descrittiva),0
Parallelogramma,Triangolo,0
Punto medio,Asse di un segmento,0
Ettagono,Vertice (geometria),1
Decagono,Diametro,0
Angolo retto,Perpendicolarità,0
Sistema di coordinate,Distanza (matematica),0
Dodecagono,Vertice (geometria),1
Poligono stellato,Segmento,1
Parallelogramma,Retta,1
Segmento,Aquilone (geometria),0
Quadrilatero,Segmento,1
Corda (geometria),Lunghezza di un arco,0
Segmento,Cono,0
Dodecagono,Spigolo,1
Diagonale,Geometria,1
Aquilone (geometria),Triangolo rettangolo,0
Terna pitagorica,Segmento,1
Riflessione (geometria),Punto (geometria),1
Poligono,Tangente (geometria),0
Poligono,Circonferenza,0
Retta,Angolo retto,0
Sfera,Lunghezza di un arco,0
Similitudine (geometria),Seno (matematica),0
Teorema di Pitagora,Segmento,1
Sistema di coordinate,Traslazione (geometria),0
Sistema di riferimento cartesiano,Congruenza (geometria),0
Simmetria,Auto similarità,0
Circonferenza,Diagonale,0
Quadrilatero,Punto medio,0
Diametro,Triangolo,0
Diametro,Corda (geometria),1
Angolo,Funzione trigonometrica,0
Perpendicolarità,Teorema della bisettrice,0
Coefficiente angolare,Parallelogramma,0
Quadrato,Angolo retto,1
Auto similarità,Simmetria,1
Quadrato,Circonferenza,0
Funzione trigonometrica,Poligono,1
Secante (geometria),Punto (geometria),1
Triangolo isoscele,Triangolo rettangolo,0
Disuguaglianza triangolare,Distanza (matematica),0
Perpendicolarità,Diagonale,0
Riflessione (geometria),Similitudine (geometria),0
Disuguaglianza triangolare,Angolo,1
Quadrato,Ottagono,0
Parallelismo (geometria),Rombo (geometria),0
Asse di un segmento,Tangente (geometria),0
Teorema di Pitagora,Circonferenza,0
Segmento,Quadrato,0
Vertice (geometria),Faccia (geometria),0
Similitudine (geometria),Congruenza (geometria),0
Sfera,Triangolo,0
Quadrilatero,Retta,1
Triangolo,Angolo,1
Geometria,Ettagono,0
Secante (geometria),Funzione trigonometrica,0
Piramide (geometria),Perpendicolarità,0
Punto medio,Angolo,0
Riflessione (geometria),Angolo,1
Esagono,Segmento,1
Spigolo,Seno (matematica),0
Triangolo,Teorema di Pitagora,0
Sistema di coordinate,Circonferenza,0
Punto (geometria),Tangente (geometria),0
Geometria,Spigolo,0
Triangolo,Geometria,1
Ettagono,Retta,1
Prisma,Congruenza (geometria),0
Funzione trigonometrica inversa,Poligono,1
Tangente (geometria),Pendenza topografica,0
Sfera,Parallelismo (geometria),0
Tangente (geometria),Lunghezza di un arco,0
Rettangolo,Spigolo,1
Parallelismo (geometria),Sfera,0
Quadrato,Asse di un segmento,0
Teorema di Pitagora,Quadrato,0
Retta,Poligono,0
Pentagono,Esagono,0
Quadrilatero,Triangolo,0
Raggio (geometria),Sistema di coordinate,0
Similitudine (geometria),Segmento,0
Triangolo equilatero,Similitudine (geometria),0
Poligono,Punto medio,0
Geometria,Teorema di Pitagora,0
Piano (geometria),Collinearità,0
Vertice (geometria),Pentagono,0
Disuguaglianza triangolare,Collinearità,0
Quadrato,Quadrilatero,1
Esagono,Retta,1
Collinearità,Disuguaglianza triangolare,0
Bidimensionalità,Triangolo equilatero,0
Perpendicolarità,Triangolo rettangolo,0
Corda (geometria),Diametro,0
Retta,Piano (geometria),0
Triangolo,Angolo retto,0
Asse di un segmento,Arco (geometria),0
Angolo,Sistema di coordinate,0
Trapezio,Rombo (geometria),0
Punto (geometria),Funzione trigonometrica inversa,0
Angolo,Arco (geometria),0
Ottagono,Spigolo,1
Teorema di Pitagora,Retta,1
Ennagono,Retta,1
Vertice (geometria),Sfera,0
Rettangolo,Prisma,0
Poligono,Faccia (geometria),0
Vertice (geometria),Dodecagono,0
Circonferenza,Diametro,0
Parallelogramma,Rettangolo,0
Retta,Decagono,0
Corda (geometria),Secante (geometria),0
Esagono,Vertice (geometria),1
Parallelogramma,Punto medio,0
Distanza (matematica),Diametro,0
Triangolo rettangolo,Disuguaglianza triangolare,0
Arco (geometria),Perpendicolarità,0
Angolo,Vertice (geometria),0
Cono,Disuguaglianza triangolare,0
Faccia (geometria),Geometria,1
Faccia (geometria),Simmetria,0
Parallelismo (geometria),Quadrato,0
Rettangolo,Angolo retto,1
Trapezio,Angolo,1
Funzione trigonometrica,Angolo,1
Punto medio,Triangolo rettangolo,0
Diagonale,Angolo,1
Circonferenza,Decagono,0
Faccia (geometria),Piano (geometria),0
Retta,Geometria,1
Esagono,Bidimensionalità,0
Corda (geometria),Arco (geometria),0
Ottagono,Poligono,1
Geometria,Piramide (geometria),0
Triangolo equilatero,Vertice (geometria),1
Prisma,Rettangolo,0
Esagono,Geometria,1
Distanza (matematica),Quadrilatero,0
Tassellatura,Parallelogramma,0
Riflessione (geometria),Distanza (matematica),0
Perpendicolarità,Simmetria,0
Poligono,Triangolo,0
Sistema di coordinate,Angolo retto,0
Asse di un segmento,Circonferenza,0
Angolo,Pendenza topografica,0
Parallelogramma,Spigolo,1
Diagonale,Quadrilatero,0
Rombo (geometria),Congruenza (geometria),0
Funzione trigonometrica,Secante (geometria),0
Punto (geometria),Diametro,0
Prisma,Pentagono,0
Poligono,Lunghezza di un arco,0
Punto (geometria),Sfera,0
Retta,Distanza (matematica),0
Poligono,Funzione trigonometrica,0
Segmento,Poliedro,0
Circonferenza,Rotazione (matematica),0
Triangolo isoscele,Aquilone (geometria),0
Angolo,Teorema di Pitagora,0
Rombo (geometria),Triangolo,0
Bidimensionalità,Endecagono,0
Triangolo,Punto medio,0
Piano (geometria),Sistema di coordinate,0
Quadrato,Simmetria,0
Funzione trigonometrica,Spigolo,1
Vertice (geometria),Parallelogramma,0
Punto (geometria),Riflessione (geometria),0
Congruenza (geometria),Spigolo,1
Triangolo equilatero,Esagono,0
Triangolo rettangolo,Triangolo isoscele,0
Corda (geometria),Punto (geometria),1
Congruenza (geometria),Parallelogramma,0
Retta,Angolo,0
Retta,Aquilone (geometria),0
Funzione trigonometrica inversa,Teorema di Pitagora,0
Parallelismo (geometria),Coefficiente angolare,0
Geometria,Prisma,0
Diametro,Teorema di Pitagora,0
Pendenza topografica,Punto (geometria),1
Circonferenza,Tangente (geometria),0
Triangolo,Parallelogramma,0
Parallelismo (geometria),Distanza (matematica),0
Rettangolo,Teorema di Pitagora,0
Poliedro,Poligono stellato,0
Sfera,Poligono,0
Diametro,Tangente (geometria),0
Retta,Congruenza (geometria),0
Sezione (geometria descrittiva),Perpendicolarità,0
Teorema della bisettrice,Vertice (geometria),1
Teorema di Pitagora,Cono,0
Geometria,Faccia (geometria),0
Distanza (matematica),Pendenza topografica,0
Bidimensionalità,Ottagono,0
Teorema di Pitagora,Rettangolo,0
Quadrilatero,Diagonale,0
Retta,Funzione trigonometrica inversa,0
Parallelogramma,Coefficiente angolare,0
Angolo,Sfera,0
Rombo (geometria),Trapezio,0
Punto medio,Rettangolo,0
Distanza (matematica),Riflessione (geometria),0
Raggio (geometria),Angolo,0
Decagono,Punto (geometria),1
Riflessione (geometria),Simmetria,1
Rettangolo,Traslazione (geometria),0
Punto (geometria),Prisma,0
Disuguaglianza triangolare,Triangolo,1
Parallelismo (geometria),Rettangolo,0
Raggio (geometria),Punto (geometria),1
Segmento,Similitudine (geometria),0
Angolo,Trapezio,0
Circonferenza,Riflessione (geometria),0
Triangolo,Circonferenza,0
Angolo retto,Sistema di riferimento cartesiano,0
Collinearità,Circonferenza,0
Endecagono,Spigolo,1
Corda (geometria),Geometria,1
Bidimensionalità,Dodecagono,0
Poligono,Similitudine (geometria),0
Ottagono,Retta,1
Corda (geometria),Asse di un segmento,0
Rettangolo,Triangolo rettangolo,0
Diagonale,Trapezio,0
Diagonale,Triangolo isoscele,0
Circonferenza,Parallelismo (geometria),0
Congruenza (geometria),Diametro,0
Congruenza (geometria),Parallelismo (geometria),0
Diametro,Sfera,0
Spazio (matematica),Poligono,0
Distanza (matematica),Sistema di coordinate,0
Parallelismo (geometria),Retta,1
Triangolo rettangolo,Distanza (matematica),0
Funzione trigonometrica,Raggio (geometria),0
Retta,Triangolo isoscele,0
Angolo,Diagonale,0
Sistema di riferimento cartesiano,Geometria,1
Asse di un segmento,Diagonale,0
Simmetria,Poligono,0
Terna pitagorica,Disuguaglianza triangolare,0
Congruenza (geometria),Angolo,1
Congruenza (geometria),Rombo (geometria),0
Geometria,Funzione trigonometrica,0
Poligono,Parallelogramma,0
Collinearità,Esagono,0
Seno (matematica),Poligono,1
Funzione trigonometrica inversa,Circonferenza,0
Raggio (geometria),Sfera,0
Teorema di Pitagora,Angolo,1
Spigolo,Funzione trigonometrica inversa,0
Coefficiente angolare,Lunghezza di un arco,0
Cilindro (geometria),Angolo,0
Aquilone (geometria),Asse di un segmento,0
Seno (matematica),Punto (geometria),1
Rotazione (matematica),Spazio (matematica),0
Distanza (matematica),Tangente (geometria),0
Angolo,Punto (geometria),1
Rettangolo,Diagonale,0
Simmetria,Circonferenza,0
Quadrilatero,Tassellatura,0
Piramide (geometria),Poligono,1
Diametro,Triangolo rettangolo,0
Simmetria,Poligono stellato,0
Spazio (matematica),Rotazione (matematica),0
Punto medio,Segmento,1
Triangolo rettangolo,Spigolo,1
Poligono,Esagono,0
Similitudine (geometria),Distanza (matematica),0
Endecagono,Geometria,1
Poligono,Punto (geometria),1
Geometria,Vertice (geometria),0
Teorema di Pitagora,Disuguaglianza triangolare,0
Punto (geometria),Piano (geometria),0
Simmetria,Perpendicolarità,0
Congruenza (geometria),Punto (geometria),1
Sfera,Collinearità,0
Rettangolo,Trapezio,0
Punto (geometria),Triangolo equilatero,0
Piramide (geometria),Cono,0
Simmetria,Rotazione (matematica),0
Retta,Quadrilatero,0
Punto (geometria),Asse di un segmento,0
Segmento,Triangolo rettangolo,0
Piramide (geometria),Geometria,1
Quadrato,Parallelogramma,1
Angolo,Circonferenza,0
Prisma,Perpendicolarità,0
Rotazione (matematica),Simmetria,1
Vertice (geometria),Spigolo,0
Trapezio,Simmetria,0
Circonferenza,Sfera,0
Triangolo isoscele,Diagonale,0
Arco (geometria),Angolo,0
Rombo (geometria),Seno (matematica),0
Parallelogramma,Asse di un segmento,0
Angolo retto,Rettangolo,0
Cilindro (geometria),Sistema di coordinate,0
Vertice (geometria),Prisma,0
Seno (matematica),Sistema di coordinate,0
Esagono,Triangolo,0
Simmetria,Tassellatura,0
Segmento,Parallelismo (geometria),0
Punto (geometria),Secante (geometria),0
Sistema di coordinate,Raggio (geometria),0
Rombo (geometria),Rettangolo,0
Quadrilatero,Punto (geometria),1
Geometria,Perpendicolarità,0
Riflessione (geometria),Retta,1
Pendenza topografica,Tangente (geometria),0
Perpendicolarità,Sezione (geometria descrittiva),0
Rombo (geometria),Angolo,1
Cilindro (geometria),Diametro,0
Tangente (geometria),Arco (geometria),0
Sistema di coordinate,Quadrato,0
Rombo (geometria),Quadrato,0
Asse di un segmento,Perpendicolarità,1
Pendenza topografica,Angolo,1
Punto medio,Distanza (matematica),0
Angolo,Raggio (geometria),0
Endecagono,Angolo,1
Asse di un segmento,Triangolo rettangolo,0
Punto (geometria),Segmento,0
Geometria,Similitudine (geometria),0
Sistema di coordinate,Triangolo,0
Pentagono,Dodecagono,0
Vertice (geometria),Poligono,0
Vertice (geometria),Ottagono,0
Diagonale,Punto medio,0
Geometria,Quadrato,0
Pentagono,Diagonale,0
Punto (geometria),Congruenza (geometria),0
Parallelogramma,Poligono,1
Angolo,Seno (matematica),0
Rombo (geometria),Congruenza (geometria),0
Segmento,Ettagono,0
Prisma,Angolo,1
Poligono,Rombo (geometria),0
Tassellatura,Quadrilatero,0
Quadrato,Rettangolo,1
Angolo,Tangente (geometria),0
Quadrilatero,Distanza (matematica),0
Punto (geometria),Raggio (geometria),0
Corda (geometria),Perpendicolarità,0
Asse di un segmento,Punto medio,1
Simmetria,Riflessione (geometria),0
Triangolo,Tassellatura,0
Segmento,Quadrilatero,0
Circonferenza,Segmento,0
Pentagono,Segmento,1
Raggio (geometria),Circonferenza,1
Triangolo,Rombo (geometria),0
Raggio (geometria),Sistema di coordinate,0
Diametro,Cilindro (geometria),0
Similitudine (geometria),Triangolo isoscele,0
Tassellatura,Rettangolo,0
Diagonale,Pentagono,0
Poliedro,Sezione (geometria descrittiva),0
Similitudine (geometria),Angolo,0
Segmento,Terna pitagorica,0
Triangolo,Circonferenza,0
Perpendicolarità,Vertice (geometria),0
Faccia (geometria),Segmento,0
Triangolo equilatero,Piramide (geometria),0
Triangolo,Esagono,0
Spigolo,Triangolo isoscele,0
Triangolo rettangolo,Diametro,0
Spigolo,Parallelogramma,0
Punto (geometria),Poligono,0
Esagono,Collinearità,0
Rombo (geometria),Poliedro,0
Sistema di riferimento cartesiano,Sistema di coordinate,1
Trapezio,Punto (geometria),1
Distanza (matematica),Disuguaglianza triangolare,0
Similitudine (geometria),Punto medio,0
Spigolo,Terna pitagorica,0
Parallelogramma,Triangolo,0
Vertice (geometria),Quadrato,0
Pentagono,Bidimensionalità,0
Disuguaglianza triangolare,Sfera,0
Sistema di riferimento cartesiano,Angolo retto,0
Segmento,Triangolo,0
Punto medio,Retta,1
Geometria,Tassellatura,0
Angolo,Piramide (geometria),0
Circonferenza,Trapezio,0
Esagono,Tassellatura,0
Spigolo,Poligono,0
Poligono,Piramide (geometria),0
Circonferenza,Quadrato,0
Parallelogramma,Triangolo rettangolo,0
Congruenza (geometria),Similitudine (geometria),0
Funzione trigonometrica,Similitudine (geometria),0
Diametro,Perpendicolarità,0
Trapezio,Diagonale,0
Angolo,Segmento,0
Angolo retto,Quadrato,0
Vertice (geometria),Quadrilatero,0
Circonferenza,Collinearità,0
Asse di un segmento,Simmetria,0
Prisma,Simmetria,0
Rotazione (matematica),Similitudine (geometria),0
Vertice (geometria),Endecagono,0
Triangolo,Disuguaglianza triangolare,0
Funzione trigonometrica inversa,Funzione trigonometrica,1
Aquilone (geometria),Spigolo,1
Disuguaglianza triangolare,Cono,0
Spazio (matematica),Sistema di riferimento cartesiano,0
Rettangolo,Angolo,1
Funzione trigonometrica,Vertice (geometria),1
Triangolo isoscele,Triangolo equilatero,0
Simmetria,Traslazione (geometria),0
Seno (matematica),Triangolo,1
Teorema di Pitagora,Vertice (geometria),1
Congruenza (geometria),Circonferenza,0
Triangolo equilatero,Triangolo rettangolo,0
Perpendicolarità,Rettangolo,0
Endecagono,Poligono,1
Vertice (geometria),Punto medio,0
Circonferenza,Simmetria,0
Decagono,Angolo,1
Simmetria,Rettangolo,0
Geometria,Rettangolo,0
Vertice (geometria),Teorema di Pitagora,0
Terna pitagorica,Punto (geometria),1
Coefficiente angolare,Funzione trigonometrica,0
Poligono,Ennagono,0
Punto (geometria),Funzione trigonometrica,0
Perpendicolarità,Teorema di Pitagora,0
Segmento,Raggio (geometria),0
Rombo (geometria),Retta,1
Raggio (geometria),Segmento,1
Traslazione (geometria),Congruenza (geometria),0
Poligono stellato,Bidimensionalità,0
Distanza (matematica),Perpendicolarità,0
Poligono,Quadrato,0
Vertice (geometria),Esagono,0
Sfera,Cilindro (geometria),0
Segmento,Geometria,1
Punto (geometria),Aquilone (geometria),0
Diametro,Aquilone (geometria),0
Sistema di coordinate,Poliedro,0
Aquilone (geometria),Triangolo isoscele,0
Poligono stellato,Tassellatura,0
Seno (matematica),Pendenza topografica,0
Geometria,Triangolo rettangolo,0
Rettangolo,Asse di un segmento,0
Angolo,Similitudine (geometria),0
Coefficiente angolare,Angolo,0
Vertice (geometria),Funzione trigonometrica,0
Cono,Sistema di riferimento cartesiano,0
Cono,Rombo (geometria),0
Angolo,Cono,0
Arco (geometria),Piano (geometria),0
Retta,Punto medio,0
Teorema di Pitagora,Sfera,0
Tangente (geometria),Piramide (geometria),0
Ennagono,Geometria,1
Perpendicolarità,Coefficiente angolare,0
Raggio (geometria),Sistema di riferimento cartesiano,0
Perpendicolarità,Distanza (matematica),0
Geometria,Endecagono,0
Angolo retto,Angolo,1
Poligono,Aquilone (geometria),0
Asse di un segmento,Triangolo isoscele,0
Parallelismo (geometria),Geometria,1
Triangolo rettangolo,Triangolo,1
Triangolo equilatero,Asse di un segmento,0
Triangolo isoscele,Asse di un segmento,0
Rombo (geometria),Diagonale,0
Angolo retto,Teorema di Pitagora,0
Coefficiente angolare,Geometria,1
Spigolo,Esagono,0
Sezione (geometria descrittiva),Cilindro (geometria),0
Tassellatura,Geometria,1
Quadrilatero,Spigolo,1
Tangente (geometria),Punto (geometria),1
Angolo,Tassellatura,0
Parallelogramma,Quadrato,0
Poliedro,Prisma,0
Asse di un segmento,Collinearità,0
Parallelogramma,Disuguaglianza triangolare,0
Poligono,Congruenza (geometria),0
