Distanza (matematica),Lavoro (fisica),0
Lavoro (fisica),Fisica,1
Frequenza,Principio di Huygens-Fresnel,0
Isolatore,Isolante elettrico,0
Onda,Distanza (matematica),0
Velocità,Distanza (matematica),1
Campo gravitazionale terrestre,Fisica,1
Resistenza elettrica,Ohm,0
Forza di Coulomb,Spettro di emissione,0
Frequenza,Metro,0
Campo (fisica),Pianeta,0
Onda d'urto (fluidodinamica),Moto (fisica),1
Moto (fisica),Energia potenziale elettrica,0
Massa (fisica),Lavoro (fisica),0
Magnete,Temperatura,0
Interferenza (fisica),Ampiezza,1
Elettrone,Radiazione elettromagnetica,0
Indice di rifrazione,Elettrone,0
Metro,Indice di rifrazione,0
Urto,Pianeta,0
Ohmmetro,Resistenza elettrica,0
Linea di campo,Campo (fisica),0
Energia potenziale elettrica,Potenziale elettrico,0
Hertz,Onda,0
Fisica,Diffrazione,0
Hertz,Spettro elettromagnetico,0
Posizione,Caduta libera,0
Coulomb,Elettrone,0
Temperatura,Isolante elettrico,0
Lavoro (fisica),Velocità,0
Luce,Riflessione (fisica),0
Rifrazione,Lunghezza d'onda,0
Interazione gravitazionale,Caduta libera,0
Spettro di emissione,Elettrone,1
Energia potenziale,Campo magnetico,0
Lunghezza d'onda,Temperatura,0
Attrito,Coulomb,0
Moto (fisica),Pianeta,0
Fisica,Velocità,0
Elettrostatica,Differenza di potenziale elettrico,0
Forza,Resistenza meccanica,0
Differenza di potenziale elettrico,Ampiezza,0
Riflessione (fisica),Spettro elettromagnetico,0
Accelerazione,Energia potenziale,0
Rigidezza,Spostamento (cinematica),0
Ampiezza,Resistenza elettrica,0
Elettrostatica,Joule,0
Lunghezza d'onda,Interferenza (fisica),0
Elasticità (meccanica),Forza,1
Indice di rifrazione,Riflessione speculare,0
Campo magnetico,Indice di rifrazione,0
Velocità,Elettrone,0
Microscopio ottico,Luce,1
Campo gravitazionale terrestre,Campo gravitazionale,0
Spostamento (cinematica),Fisica,1
Elettrone,Telescopio,0
Sistema di riferimento inerziale,Forza,0
Chilogrammo,Principi della dinamica,0
Legge di gravitazione universale,Caduta libera,0
Legge di gravitazione universale,Energia,0
Spettroscopia di assorbimento,Frequenza,1
Moto (fisica),Urto elastico,0
Temperatura,Radiazione elettromagnetica,0
Distanza (matematica),Caduta libera,0
Attrito,Vettore (matematica),0
Resistenza elettrica,Corrente elettrica,1
Elettrone,Elettrostatica,0
Potenziale elettrico,Elettroscopio,0
Frequenza,Rifrazione,0
Campo magnetico,Campo gravitazionale terrestre,0
Onda,Equazione del moto,0
Interazione gravitazionale,Attrito,0
Momento meccanico,Campo magnetico,0
Radiazione elettromagnetica,Livello energetico,0
Legge di Hooke,Chilogrammo,0
Principi della dinamica,Chilogrammo,0
Massa (fisica),Interazione gravitazionale,0
Accelerazione,Campo gravitazionale terrestre,0
Elasticità (meccanica),Temperatura,0
Ingrandimento,Microscopio ottico,0
Forza,Legge di Hooke,0
Condensatore (elettrotecnica),Isolatore,0
Urto anelastico,Urto elastico,0
Interazione gravitazionale,Potenziale elettrico,0
Caduta libera,Accelerazione,1
Onda,Telescopio rifrattore,0
Scorrimento viscoso,Rigidezza,0
Capacità elettrica,Corrente elettrica,0
Energia meccanica,Urto elastico,0
Vettore (matematica),Campo elettrico,0
Moto (fisica),Forza,0
Radiazione elettromagnetica,Fisica,1
Riflessione speculare,Riflessione (fisica),1
Forza elettromotrice,Coulomb,0
Massa (fisica),Energia,0
Elettrostatica,Forza,1
Moto (fisica),Effetto Doppler,0
Interferenza (fisica),Lunghezza d'onda,1
Interferenza (fisica),Radiazione elettromagnetica,0
Accelerazione di gravità,Pianeta,0
Potenza (fisica),Moto (fisica),0
Velocità,Accelerazione di gravità,0
Magnetismo,Lunghezza,0
Sistema di riferimento,Massa (fisica),0
Equazione del moto,Posizione,1
Spettro di emissione,Forza di Coulomb,1
Energia potenziale elettrica,Lavoro (fisica),1
Lunghezza d'onda,Rifrazione,0
Joule,Massa (fisica),0
Distanza (matematica),Moto (fisica),0
Distanza (matematica),Boom sonico,0
Lunghezza d'onda,Raggio luminoso,0
Elettrostatica,Spostamento (cinematica),1
Energia,Accelerazione,0
Forza,Corrente elettrica,0
Corrente elettrica,Isolante elettrico,0
Campo gravitazionale,Potenziale elettrico,0
Sistema di riferimento,Spettro elettromagnetico,0
Interferenza (fisica),Distanza (matematica),0
Fisica,Spettro di emissione,0
Sistema di riferimento inerziale,Massa (fisica),0
Momento meccanico,Forza,1
Legge di gravitazione universale,Forza di Coulomb,0
Conduttore elettrico,Resistenza elettrica,0
Campo elettrico,Energia,1
Massa (fisica),Elettrone,0
Energia,Chilogrammo,0
Velocità,Equazione del moto,0
Ampiezza,Spostamento (cinematica),0
Forza,Sistema di riferimento non inerziale,0
Frequenza,Livello energetico,0
Urto elastico,Urto anelastico,0
Campo gravitazionale terrestre,Distanza (matematica),1
Moto (fisica),Velocità,0
Velocità,Sistema di riferimento inerziale,0
Resistenza elettrica,Circuiti in serie e in parallelo,0
Accelerazione,Sistema di riferimento non inerziale,0
Pianeta,Campo magnetico,0
Luce,Radiazione elettromagnetica,0
Onda trasversale,Radiazione elettromagnetica,0
Lavoro (fisica),Potenziale elettrico,0
Elettrostatica,Campo (fisica),1
Onda,Velocità,0
Pianeta,Urto,0
Massa (fisica),Telescopio,0
Lunghezza,Effetto fotoelettrico,0
Frequenza,Spettro elettromagnetico,0
Onda,Frequenza,0
Velocità di fase,Dispersione ottica,0
Campo gravitazionale terrestre,Accelerazione,1
Chilogrammo,Potenza (fisica),0
Fisica,Campo gravitazionale terrestre,0
Diffrazione,Lunghezza d'onda,0
Joule,Resistenza elettrica,0
Massa (fisica),Campo (fisica),0
Vettore (matematica),Sistema di riferimento inerziale,0
Elasticità (meccanica),Fatica (scienza dei materiali),0
Onda,Campo elettrico,0
Massa (fisica),Lunghezza d'onda,0
Velocità,Leva (fisica),0
Forza,Plasticità (fisica),0
Telescopio,Telescopio rifrattore,0
Energia potenziale elettrica,Campo elettrico,1
Forza,Moto parabolico,0
Accelerazione di gravità,Accelerazione,1
Spettro elettromagnetico,Effetto fotoelettrico,0
Lunghezza d'onda,Telescopio,0
Durezza,Chilogrammo,0
Frequenza,Radiazione elettromagnetica,0
Magnetismo,Capacità elettrica,0
Chilogrammo,Potenziale elettrico,0
Spettro di emissione,Livello energetico,1
Laser,Interferenza (fisica),0
Raggio luminoso,Interferenza (fisica),0
Ingrandimento,Telescopio rifrattore,0
Riflessione speculare,Distanza (matematica),0
Laser,Effetto fotoelettrico,0
Magnete,Elettrone,0
Forza,Potenza (fisica),0
Moto (fisica),Temperatura,0
Spettroscopia di assorbimento,Campo elettrico,0
Energia,Elettrone,0
Indice di rifrazione,Moto (fisica),1
Spettro elettromagnetico,Magnete,1
Frattura (meccanica),Luce,0
Magnete,Chilogrammo,0
Distanza (matematica),Posizione,0
Polo (elettrotecnica),Forza,0
Specchio curvo,Riflessione (fisica),0
Campo magnetico,Metro,0
Lunghezza,Spettro elettromagnetico,0
Linea di campo,Elettrostatica,0
Energia,Laser,0
Grado di cristallinità,Durezza,0
Corrente elettrica,Circuiti in serie e in parallelo,0
Distanza (matematica),Resistenza elettrica,0
Distanza (matematica),Capacità elettrica,0
Effetto Doppler,Moto (fisica),1
Potenza (fisica),Laser,0
Energia potenziale,Magnete,0
Forza,Attrito,0
Luce,Lunghezza d'onda,0
Energia,Scorrimento viscoso,0
Energia potenziale,Velocità,0
Laser,Luce,1
Attrito,Elettrone,0
Ampiezza,Spettro elettromagnetico,0
Urto elastico,Forza,1
Campo gravitazionale terrestre,Chilogrammo,0
Riflessione interna totale,Indice di rifrazione,0
Rigidezza,Legge di Hooke,0
Legge di Hooke,Tensione (meccanica),0
Ampiezza,Intensità acustica,0
Dispersione ottica,Telescopio rifrattore,0
Fisica,Spettro elettromagnetico,0
Forza di Coulomb,Campo elettrico,0
Joule,Energia potenziale,0
Dispersione ottica,Energia,0
Magnete,Momento meccanico,0
Attrito,Interazione gravitazionale,0
Caduta libera,Campo gravitazionale,0
Velocità,Energia cinetica,0
Spettro elettromagnetico,Riflessione (fisica),0
Campo (fisica),Accelerazione,0
Attrito,Accelerazione,0
Energia,Tensione (meccanica),0
Potenza (fisica),Chilogrammo,0
Elettrone,Riflessione speculare,0
Legge di gravitazione universale,Principi della dinamica,0
Capacità elettrica,Elettroscopio,0
Spostamento (cinematica),Moto (fisica),1
Energia potenziale,Distanza (matematica),1
Magnetismo,Temperatura,0
Legge di Snell,Lunghezza,0
Sistema di riferimento inerziale,Urto elastico,0
Forza,Costante di gravitazione universale,0
Potenziale elettrico,Energia potenziale elettrica,1
Elettrone,Campo (fisica),0
Energia,Magnetismo,0
Forza di Coulomb,Elettrone,0
Accelerazione di gravità,Spostamento (cinematica),1
Caduta libera,Interazione gravitazionale,1
Spettro di emissione,Radiazione elettromagnetica,1
Livello energetico,Elettrone,0
Momento meccanico,Legge di Hooke,0
Lavoro (fisica),Vettore (matematica),1
Lunghezza d'onda,Spettro di emissione,0
Accelerazione,Campo gravitazionale,0
Capacità elettrica,Distanza (matematica),0
Temperatura,Scorrimento viscoso,0
Accelerazione,Campo magnetico,0
Accelerazione,Radiazione elettromagnetica,0
Lunghezza d'onda,Luce,0
Differenza di potenziale elettrico,Magnete,0
Massa (fisica),Accelerazione,0
Energia potenziale,Elettrostatica,0
Isolante elettrico,Distanza (matematica),0
Coulomb,Massa (fisica),0
Velocità,Dispersione ottica,0
Vettore (matematica),Caduta libera,0
Joule,Energia potenziale elettrica,0
Elettrone,Isolatore,0
Legge di Hooke,Frequenza,0
Energia meccanica,Attrito,0
Forza,Coulomb,0
Distanza (matematica),Accelerazione di gravità,0
Magnete,Differenza di potenziale elettrico,0
Dispersione ottica,Onda,1
Onda stazionaria,Interferenza (fisica),1
Elasticità (meccanica),Resistenza meccanica,0
Magnetismo,Campo elettrico,0
Urto,Fisica,1
Campo magnetico,Elettrostatica,0
Isolatore,Elettrostatica,0
Campo elettrico,Conduttore elettrico,0
Lunghezza,Resistenza elettrica,0
Resistenza meccanica,Fisica,1
Joule,Differenza di potenziale elettrico,0
Velocità,Intensità acustica,0
Campo magnetico,Lunghezza,0
Intensità acustica,Distanza (matematica),0
Telescopio,Radiazione elettromagnetica,0
Indice di rifrazione,Riflessione interna totale,0
Caduta libera,Moto parabolico,0
Ampiezza,Legge di Snell,0
Intensità acustica,Potenza (fisica),1
Forza,Sistema di riferimento,0
Chilogrammo,Ohm,0
Lunghezza d'onda,Indice di rifrazione,0
Spettro di emissione,Fisica,1
Lavoro (fisica),Lunghezza,0
Potenza (fisica),Momento meccanico,0
Energia meccanica,Livello energetico,0
Energia meccanica,Spostamento (cinematica),1
Sistema di riferimento non inerziale,Sistema di riferimento inerziale,0
Fisica,Accelerazione,0
Principio di Huygens-Fresnel,Interferenza (fisica),0
Moto (fisica),Posizione,0
Velocità,Urto elastico,0
Vettore (matematica),Posizione,0
Campo gravitazionale terrestre,Energia potenziale,0
Distanza (matematica),Potenziale elettrico,0
Posizione,Grandezza fisica,0
Temperatura,Campo magnetico,0
Diffusione ottica,Elettrone,0
Velocità,Diffusione ottica,0
Onda,Magnete,0
Massa (fisica),Chilogrammo,0
Tensione (meccanica),Onda trasversale,0
Campo elettrico,Effetto fotoelettrico,0
Caduta libera,Campo gravitazionale terrestre,0
Accelerazione,Boom sonico,0
Massa (fisica),Attrito,0
Telescopio,Dispersione ottica,0
Frattura (meccanica),Resistenza meccanica,0
Lunghezza d'onda,Fisica,1
Equazione del moto,Spostamento (cinematica),1
Lunghezza,Legge di Snell,0
Temperatura,Magnetismo,0
Forza,Moto (fisica),0
Onda,Lunghezza d'onda,0
Moto (fisica),Indice di rifrazione,0
Urto elastico,Energia potenziale,0
Metro,Campo gravitazionale terrestre,0
Campo elettrico,Forza elettromotrice,0
Campo (fisica),Energia,0
Forza,Magnete,0
Posizione,Velocità,0
Forza di Coulomb,Forza,0
Vettore (matematica),Forza,0
Pianeta,Moto (fisica),0
Massa (fisica),Campo elettrico,0
Vettore (matematica),Lunghezza,0
Elettrone,Magnete,0
Principi della dinamica,Equazione del moto,0
Indice di rifrazione,Campo magnetico,0
Ampiezza,Distanza (matematica),0
Durezza,Forza,1
Vettore (matematica),Elettrostatica,0
Onda d'urto (fluidodinamica),Boom sonico,0
Forza di Coulomb,Linea di campo,0
Magnete,Lunghezza,0
Differenza di potenziale elettrico,Circuiti in serie e in parallelo,0
Temperatura,Elasticità (meccanica),0
Onda trasversale,Indice di rifrazione,0
Livello energetico,Energia meccanica,0
Hertz,Velocità,0
Attrito,Massa (fisica),0
Massa (fisica),Distanza (matematica),0
Campo elettrico,Forza di Coulomb,1
Elettrone,Diffusione ottica,0
Principio di Huygens-Fresnel,Ampiezza,1
Radiazione elettromagnetica,Conduttore elettrico,0
Onda,Effetto Doppler,0
Fisica,Massa (fisica),0
Telescopio,Spettro elettromagnetico,0
Elettrone,Microscopio ottico,0
Ohm,Potenza (fisica),0
Coulomb,Joule,0
Energia potenziale,Onda,0
Spettro elettromagnetico,Energia,1
Diffusione ottica,Fisica,1
Effetto fotoelettrico,Elettroscopio,0
Energia,Campo magnetico,0
Forza,Tensione (meccanica),0
Lavoro (fisica),Energia potenziale elettrica,0
Rigidezza,Durezza,0
Interazione gravitazionale,Legge di gravitazione universale,0
Velocità,Campo (fisica),0
Fisica,Spostamento (cinematica),0
Metro,Energia,0
Campo gravitazionale terrestre,Spostamento (cinematica),1
Attrito,Momento meccanico,0
Differenza di potenziale elettrico,Energia potenziale,0
Accelerazione,Interazione gravitazionale,0
Magnetismo,Elettrone,0
Laser,Microscopio ottico,0
Accelerazione,Massa (fisica),0
Energia potenziale,Attrito,0
Posizione,Campo gravitazionale terrestre,0
Campo magnetico,Energia potenziale,0
Energia cinetica,Temperatura,0
Posizione,Energia potenziale elettrica,0
Distanza (matematica),Leva (fisica),0
Forza elettromotrice,Forza,1
Forza elettromotrice,Potenziale elettrico,0
Radiazione elettromagnetica,Spettro di emissione,0
Tensione (meccanica),Massa (fisica),0
Lunghezza,Equazione del moto,0
Condensatore (elettrotecnica),Laser,0
Diffrazione,Livello energetico,0
Velocità,Linea di campo,0
Interferenza (fisica),Principio di Huygens-Fresnel,0
Velocità,Legge di Snell,0
Energia potenziale elettrica,Fisica,1
Potenza (fisica),Lunghezza,0
Distanza (matematica),Equazione del moto,0
Accelerazione,Vettore (matematica),1
Lunghezza,Posizione,0
Ottica geometrica,Lunghezza d'onda,0
Spettro di emissione,Temperatura,0
Campo elettrico,Legge di gravitazione universale,0
Metro,Amperometro,0
Fisica,Lunghezza d'onda,0
Radiazione elettromagnetica,Interferenza (fisica),0
Lavoro (fisica),Attrito,0
Diffrazione,Onda trasversale,0
Forza elettromotrice,Campo elettrico,1
Lunghezza,Dispersione ottica,0
Spettro di emissione,Spettroscopia di assorbimento,0
Raggio luminoso,Onda trasversale,0
Lunghezza d'onda,Telescopio rifrattore,0
Onda d'urto (fluidodinamica),Fisica,1
Legge di Hooke,Distanza (matematica),0
Laser,Potenza (fisica),0
Elasticità (meccanica),Energia,0
Capacità elettrica,Energia potenziale,0
Sistema di riferimento inerziale,Urto elastico,0
Radiazione elettromagnetica,Lunghezza d'onda,0
Moto (fisica),Principi della dinamica,0
Forza,Accelerazione,0
Ottica geometrica,Indice di rifrazione,0
Lavoro (fisica),Principi della dinamica,0
Mezzo trasmissivo,Spettro elettromagnetico,0
Riflessione speculare,Raggio luminoso,1
Elasticità (meccanica),Rigidezza,0
Metro,Momento meccanico,0
Forza elettromotrice,Corrente elettrica,1
Elettrone,Potenziale elettrico,0
Urto,Distanza (matematica),0
Distanza (matematica),Interferenza (fisica),0
Moto (fisica),Interazione gravitazionale,0
Campo gravitazionale terrestre,Metro,0
Magnete,Bussola,0
Fisica,Campo gravitazionale,0
Lunghezza d'onda,Principio di Huygens-Fresnel,0
Energia,Elettrone,0
Campo (fisica),Campo magnetico,0
Rifrazione,Riflessione interna totale,0
Frattura (meccanica),Magnete,0
Fisica,Rigidezza,0
Urto anelastico,Elettrone,0
Energia,Spettro elettromagnetico,0
Spostamento (cinematica),Equazione del moto,0
Accelerazione di gravità,Attrito,0
Ampiezza,Effetto fotoelettrico,0
Campo magnetico,Radiazione elettromagnetica,0
Velocità,Lunghezza d'onda,0
Forza,Joule,0
Lavoro (fisica),Forza,1
Spettro elettromagnetico,Frequenza,1
Differenza di potenziale elettrico,Equazione del moto,0
Lunghezza,Vettore (matematica),0
Leva (fisica),Distanza (matematica),0
Campo elettrico,Distanza (matematica),0
Fisica,Attrito,0
Massa (fisica),Boom sonico,0
Diffrazione,Principio di Huygens-Fresnel,0
Campo elettrico,Onda,0
Energia potenziale,Chilogrammo,0
Riflessione (fisica),Riflessione speculare,0
Chilogrammo,Accelerazione,0
Lunghezza d'onda,Riflessione speculare,0
Elettrone,Urto anelastico,0
Livello energetico,Frequenza,0
Massa (fisica),Lunghezza,0
Ampiezza,Indice di rifrazione,0
Energia meccanica,Urto,0
Durezza,Grado di cristallinità,0
Velocità,Interferenza (fisica),0
Moto parabolico,Distanza (matematica),1
Legge di Hooke,Ampiezza,0
Frequenza,Interferenza (fisica),0
Campo elettrico,Energia potenziale,0
Riflessione (fisica),Luce,1
Energia,Indice di rifrazione,0
Moto parabolico,Fisica,1
Elettrone,Conduttore elettrico,0
Rigidezza,Lunghezza,0
Diffrazione,Raggio luminoso,0
Velocità,Campo gravitazionale terrestre,0
Effetto Doppler,Boom sonico,0
Forza di Coulomb,Radiazione elettromagnetica,0
Pianeta,Telescopio,0
Riflessione (fisica),Fisica,1
Energia,Frequenza,0
Accelerazione di gravità,Massa (fisica),1
Energia meccanica,Velocità,1
Onda,Forza,0
Raggio luminoso,Ottica geometrica,0
Interferenza (fisica),Spettro elettromagnetico,0
Forza,Energia,0
Luce,Hertz,0
Spostamento (cinematica),Legge di Hooke,0
Equazione del moto,Principi della dinamica,0
Campo (fisica),Ampiezza,0
Massa (fisica),Caduta libera,0
Attrito,Fisica,1
Effetto fotoelettrico,Spettro elettromagnetico,0
Campo (fisica),Spettro elettromagnetico,0
Moto (fisica),Sistema di riferimento inerziale,0
Bussola,Magnetismo,0
Principi della dinamica,Campo gravitazionale terrestre,0
Isolatore,Resistenza elettrica,0
Massa (fisica),Posizione,0
Equazione del moto,Campo magnetico,0
Potenziale elettrico,Differenza di potenziale elettrico,0
Metro,Campo elettrico,0
Rifrazione,Onda d'urto (fluidodinamica),0
Campo (fisica),Moto (fisica),0
Lunghezza,Forza,0
Interferenza (fisica),Velocità,0
Ampiezza,Onda,0
Boom sonico,Hertz,0
Isolante elettrico,Attrito,0
Effetto fotoelettrico,Fisica,1
Forza,Urto elastico,0
Rifrazione,Radiazione elettromagnetica,0
Fisica,Elettrostatica,0
Polo (elettrotecnica),Elettrone,0
Dispersione ottica,Elettrone,0
Energia meccanica,Campo magnetico,0
Lavoro (fisica),Distanza (matematica),1
Velocità,Tensione (meccanica),0
Linea di campo,Campo gravitazionale,0
Linea di campo,Campo elettrico,0
Legge di Snell,Telescopio rifrattore,0
Laser,Dispersione ottica,0
Lunghezza d'onda,Livello energetico,0
Spettro elettromagnetico,Forza,1
Sistema di riferimento inerziale,Velocità,0
Laser,Onda stazionaria,0
Colore,Dispersione ottica,0
Rifrazione,Spettroscopia di assorbimento,0
Hertz,Differenza di potenziale elettrico,0
Telescopio,Interferenza (fisica),0
Campo (fisica),Potenziale elettrico,0
Legge di Snell,Onda,1
Onda,Dispersione ottica,0
Caduta libera,Pianeta,0
Legge di Hooke,Metro,0
Forza,Magnete,0
Velocità,Ohm,0
Urto,Velocità,0
Momento meccanico,Magnete,0
Temperatura,Boom sonico,0
Energia,Lunghezza d'onda,0
Spostamento (cinematica),Energia meccanica,0
Campo gravitazionale,Onda,0
Campo elettrico,Energia potenziale elettrica,0
Urto anelastico,Urto,1
Energia potenziale elettrica,Differenza di potenziale elettrico,0
Luce,Sistema di riferimento inerziale,0
Onda,Lunghezza,0
Elettrone,Effetto fotoelettrico,0
Dispersione ottica,Laser,0
Vettore (matematica),Attrito,0
Forza,Rigidezza,0
Accelerazione di gravità,Campo gravitazionale terrestre,0
Campo magnetico,Linea di campo,0
Campo magnetico,Momento meccanico,0
Urto elastico,Velocità,1
Riflessione speculare,Isolante elettrico,0
Lunghezza d'onda,Elettrone,0
Ampiezza,Voltmetro,0
Potenziale elettrico,Distanza (matematica),1
Legge di Snell,Distanza (matematica),1
Magnetismo,Forza di Coulomb,0
Boom sonico,Onda d'urto (fluidodinamica),0
Ampiezza,Legge di Hooke,0
Resistenza meccanica,Frattura (meccanica),1
Campo elettrico,Campo magnetico,0
Riflessione (fisica),Specchio curvo,0
Accelerazione,Elettrone,0
Sistema di riferimento inerziale,Accelerazione,0
Energia,Equazione del moto,0
Fisica,Equazione del moto,0
Onda,Interferenza (fisica),0
Legge di gravitazione universale,Massa (fisica),0
Resistenza elettrica,Isolatore,0
Velocità,Energia,0
Campo gravitazionale,Campo (fisica),1
Forza di Coulomb,Legge di gravitazione universale,0
Massa (fisica),Spettroscopia di assorbimento,0
Attrito,Urto anelastico,0
Urto elastico,Energia potenziale,0
Chilogrammo,Campo gravitazionale terrestre,0
Effetto fotoelettrico,Accelerazione,0
Conduttore elettrico,Isolatore,0
Fisica,Elasticità (meccanica),0
Forza elettromotrice,Campo (fisica),1
Interferenza (fisica),Onda stazionaria,0
Ampiezza,Corrente elettrica,0
Forza di Coulomb,Energia potenziale elettrica,0
Lunghezza,Distanza (matematica),0
Lunghezza d'onda,Dispersione ottica,0
Telescopio,Lunghezza d'onda,0
Campo (fisica),Linea di campo,0
Telescopio rifrattore,Legge di Snell,0
Accelerazione di gravità,Energia,0
Campo gravitazionale,Fisica,1
Temperatura,Lunghezza d'onda,0
Elettrostatica,Energia potenziale elettrica,1
Legge di Hooke,Elasticità (meccanica),1
Dispersione ottica,Lunghezza d'onda,0
Resistenza elettrica,Energia,0
Elettroscopio,Differenza di potenziale elettrico,0
Lavoro (fisica),Pianeta,0
Spettro elettromagnetico,Sistema di riferimento,0
Riflessione interna totale,Legge di Snell,0
Telescopio,Pianeta,0
Elettrone,Laser,0
Principi della dinamica,Accelerazione,0
Indice di rifrazione,Distanza (matematica),1
Magnetismo,Campo magnetico,0
Dispersione ottica,Rifrazione,0
Legge di Hooke,Leva (fisica),0
Momento meccanico,Vettore (matematica),0
Radiazione elettromagnetica,Indice di rifrazione,0
Legge di Hooke,Energia potenziale,0
Campo elettrico,Campo (fisica),1
Energia cinetica,Moto (fisica),0
Energia,Campo gravitazionale,0
Forza,Campo elettrico,0
Elettrostatica,Posizione,1
Forza,Vettore (matematica),0
Magnete,Campo (fisica),0
Energia,Accelerazione di gravità,0
Campo magnetico,Coulomb,0
Radiazione elettromagnetica,Potenza (fisica),0
Forza,Campo gravitazionale,0
Magnetismo,Temperatura,0
Tensione (meccanica),Lunghezza,0
Elettrone,Attrito,0
Interazione gravitazionale,Equazione del moto,0
Isolatore,Condensatore (elettrotecnica),0
Microscopio ottico,Interferenza (fisica),0
Elettrone,Forza elettromotrice,0
Massa (fisica),Onda,0
Massa (fisica),Linea di campo,0
Campo elettrico,Legge di Hooke,0
Indice di rifrazione,Forza,0
Leva (fisica),Attrito,0
Velocità,Onda d'urto (fluidodinamica),0
Potenziale elettrico,Campo (fisica),1
Elettrone,Hertz,0
Elettrone,Differenza di potenziale elettrico,0
Fisica,Scorrimento viscoso,0
Coulomb,Differenza di potenziale elettrico,0
Campo gravitazionale terrestre,Sistema di riferimento non inerziale,0
Temperatura,Legge di Hooke,0
Energia meccanica,Lavoro (fisica),1
Energia potenziale elettrica,Distanza (matematica),1
Legge di Ohm,Forza elettromotrice,0
Elettroscopio,Potenziale elettrico,0
Indice di rifrazione,Radiazione elettromagnetica,0
Distanza (matematica),Dispersione ottica,0
Riflessione (fisica),Ingrandimento,0
Forza,Fatica (scienza dei materiali),0
Colore,Effetto fotoelettrico,0
Forza elettromotrice,Legge di Ohm,0
Spettro elettromagnetico,Rifrazione,0
Sistema di riferimento non inerziale,Forza,0
Legge di Hooke,Forza,1
Magnete,Isolante elettrico,0
Campo magnetico,Elettrone,0
Corrente elettrica,Resistenza elettrica,0
Onda,Velocità,0
Moto parabolico,Spostamento (cinematica),1
Spettro elettromagnetico,Radiazione elettromagnetica,1
Onda trasversale,Diffrazione,0
Spettro elettromagnetico,Spettroscopia di assorbimento,1
Spettroscopia di assorbimento,Campo magnetico,0
Durezza,Plasticità (fisica),1
Boom sonico,Energia,0
Legge di Hooke,Massa (fisica),0
Metro,Forza,0
Scorrimento viscoso,Frattura (meccanica),0
Campo (fisica),Isolante elettrico,0
Durezza,Frattura (meccanica),1
Campo gravitazionale terrestre,Campo magnetico,0
Energia meccanica,Posizione,1
Vettore (matematica),Lavoro (fisica),0
Fisica,Intensità acustica,0
Energia,Energia cinetica,0
Distanza (matematica),Sistema di riferimento inerziale,0
Leva (fisica),Distanza (matematica),0
Isolante elettrico,Momento meccanico,0
Energia,Resistenza elettrica,0
Moto (fisica),Onda,0
Corrente elettrica,Equazione del moto,0
Velocità,Vettore (matematica),0
Velocità,Rifrazione,0
Effetto fotoelettrico,Laser,0
Indice di rifrazione,Ampiezza,0
Fisica,Indice di rifrazione,0
Corrente elettrica,Campo (fisica),0
Effetto fotoelettrico,Colore,0
Massa (fisica),Potenziale elettrico,0
Forza,Momento meccanico,0
Luce,Pigmento,0
Legge di Hooke,Temperatura,0
Potenziale elettrico,Campo gravitazionale,0
Moto (fisica),Caduta libera,0
Elettrone,Onda,0
Joule,Energia meccanica,0
Moto parabolico,Energia,0
Moto (fisica),Campo (fisica),0
Sistema di riferimento,Fisica,1
Potenza (fisica),Fisica,1
Sistema di riferimento inerziale,Lunghezza,0
Energia,Rifrazione,0
Massa (fisica),Legge di gravitazione universale,0
Pianeta,Campo (fisica),0
Diffrazione,Laser,0
Capacità elettrica,Energia potenziale elettrica,0
Isolante elettrico,Corrente elettrica,1
Campo (fisica),Legge di gravitazione universale,0
Energia,Diffusione ottica,0
Elettrostatica,Forza di Coulomb,1
Fisica,Costante di gravitazione universale,0
Interferenza (fisica),Raggio luminoso,0
Pigmento,Mescolanza sottrattiva,0
Energia,Massa (fisica),0
Equazione del moto,Corrente elettrica,0
Magnete,Spettro elettromagnetico,0
Hertz,Lunghezza d'onda,0
Massa (fisica),Pianeta,0
Pianeta,Lavoro (fisica),0
Velocità,Posizione,0
Elettrone,Spettro elettromagnetico,0
Campo elettrico,Magnetismo,0
Moto (fisica),Distanza (matematica),0
Ampiezza,Lunghezza d'onda,0
Frequenza,Energia,0
Elettrone,Capacità elettrica,0
Accelerazione,Posizione,1
Isolatore,Corrente elettrica,1
Rigidezza,Scorrimento viscoso,0
Vettore (matematica),Energia meccanica,0
Spostamento (cinematica),Ampiezza,0
Campo (fisica),Forza di Coulomb,0
Chilogrammo,Lavoro (fisica),0
Magnete,Frattura (meccanica),0
Plasticità (fisica),Fatica (scienza dei materiali),0
Attrito,Lavoro (fisica),0
Distanza (matematica),Legge di Snell,0
Forza,Pianeta,0
Accelerazione,Effetto fotoelettrico,0
Spostamento (cinematica),Vettore (matematica),1
Lunghezza,Rifrazione,0
Forza,Capacità elettrica,0
Frequenza,Effetto fotoelettrico,0
Indice di rifrazione,Telescopio,0
Campo magnetico,Massa (fisica),0
Resistenza meccanica,Durezza,0
Potenziale elettrico,Interazione gravitazionale,0
Riflessione interna totale,Riflessione speculare,0
Onda,Elettrone,0
Energia potenziale elettrica,Energia,1
Microscopio ottico,Laser,0
Potenziale elettrico,Elettrone,0
Rigidezza,Elasticità (meccanica),0
Isolante elettrico,Dispersione ottica,0
Riflessione (fisica),Isolante elettrico,0
Isolatore,Elettrone,0
Energia potenziale,Accelerazione di gravità,0
Isolatore,Conduttore elettrico,0
Temperatura,Massa (fisica),0
Spettroscopia di assorbimento,Livello energetico,0
Forza,Leva (fisica),0
Laser,Specchio curvo,0
Accelerazione,Moto (fisica),1
Plasticità (fisica),Fisica,1
Campo elettrico,Massa (fisica),0
Velocità,Moto (fisica),1
Lunghezza,Attrito,0
Principi della dinamica,Campo gravitazionale,0
Indice di rifrazione,Interferenza (fisica),0
Energia potenziale,Energia,1
Caduta libera,Legge di gravitazione universale,0
Dispersione ottica,Diffrazione,0
Mezzo trasmissivo,Onda,1
Campo gravitazionale,Energia,0
Elettrone,Campo elettrico,0
Boom sonico,Temperatura,0
Onda,Energia potenziale,0
Campo (fisica),Coulomb,0
Interferenza (fisica),Microscopio ottico,0
Campo gravitazionale terrestre,Legge di gravitazione universale,0
Posizione,Elettrostatica,0
Magnete,Forza,0
Vettore (matematica),Campo gravitazionale terrestre,0
Fisica,Conduttore elettrico,0
Temperatura,Campo (fisica),0
Spettro elettromagnetico,Differenza di potenziale elettrico,0
Moto (fisica),Elettrone,0
Urto,Urto elastico,0
Isolante elettrico,Velocità,0
Potenza (fisica),Differenza di potenziale elettrico,0
Velocità,Massa (fisica),0
Forza,Distanza (matematica),0
Lunghezza d'onda,Velocità,0
Campo elettrico,Spettroscopia di assorbimento,0
Diagramma di corpo libero,Attrito,0
Fatica (scienza dei materiali),Elasticità (meccanica),1
Posizione,Moto (fisica),0
Frequenza,Spettroscopia di assorbimento,0
Moto parabolico,Vettore (matematica),1
Onda trasversale,Fisica,1
Lunghezza,Capacità elettrica,0
Capacità elettrica,Isolante elettrico,0
Chilogrammo,Massa (fisica),0
Potenza (fisica),Leva (fisica),0
Isolante elettrico,Condensatore (elettrotecnica),0
Energia,Energia meccanica,0
Boom sonico,Massa (fisica),0
Effetto fotoelettrico,Energia,1
Energia potenziale,Elasticità (meccanica),0
Urto,Elettrone,0
Velocità,Potenza (fisica),0
Temperatura,Forza,0
Campo gravitazionale terrestre,Principi della dinamica,0
Urto,Diffusione ottica,0
Diffusione ottica,Radiazione elettromagnetica,0
Hertz,Isolante elettrico,0
Forza elettromotrice,Lavoro (fisica),0
Velocità,Temperatura,0
Lunghezza,Boom sonico,0
Onda stazionaria,Lunghezza d'onda,1
Energia potenziale,Massa (fisica),0
Forza,Spettro di emissione,0
Radiazione elettromagnetica,Forza,1
Campo elettrico,Forza,0
Linea di campo,Campo magnetico,0
Isolante elettrico,Onda,0
Massa (fisica),Magnete,0
Legge di Hooke,Fisica,1
Campo elettrico,Differenza di potenziale elettrico,0
Riflessione (fisica),Telescopio,0
Legge di Hooke,Energia,0
Potenza (fisica),Ampiezza,0
Laser,Condensatore (elettrotecnica),0
Radiazione elettromagnetica,Rifrazione,0
Conduttore elettrico,Isolante elettrico,0
Energia potenziale,Moto (fisica),1
Forza,Fisica,1
Legge di gravitazione universale,Velocità,0
Ampiezza,Frequenza,0
Campo elettrico,Radiazione elettromagnetica,0
Lavoro (fisica),Energia,1
Elettrone,Interferenza (fisica),0
Conduttore elettrico,Radiazione elettromagnetica,0
Differenza di potenziale elettrico,Campo elettrico,0
Ottica geometrica,Interferenza (fisica),0
Effetto fotoelettrico,Energia cinetica,0
Effetto fotoelettrico,Onda,0
Accelerazione,Legge di gravitazione universale,0
Temperatura,Chilogrammo,0
Vettore (matematica),Distanza (matematica),0
Leva (fisica),Velocità,0
Energia,Campo (fisica),0
Posizione,Vettore (matematica),1
Potenziale elettrico,Chilogrammo,0
Temperatura,Resistenza elettrica,0
Campo (fisica),Campo gravitazionale,0
Spettro elettromagnetico,Indice di rifrazione,0
Onda stazionaria,Onda,1
Conduttore elettrico,Capacità elettrica,0
Interferenza (fisica),Laser,0
Vettore (matematica),Campo (fisica),0
Energia cinetica,Energia potenziale,0
Legge di Hooke,Energia,0
Accelerazione,Moto parabolico,0
Massa (fisica),Campo gravitazionale terrestre,0
Energia,Magnete,0
Energia potenziale,Coulomb,0
Elettrone,Dispersione ottica,0
Caduta libera,Distanza (matematica),1
Coulomb,Forza,0
Interazione gravitazionale,Forza,1
Joule,Coulomb,0
Spostamento (cinematica),Velocità,0
Joule,Capacità elettrica,0
Dispersione ottica,Lunghezza,0
Moto (fisica),Massa (fisica),0
Joule,Elettrone,0
Spettro elettromagnetico,Corrente elettrica,1
Spettro elettromagnetico,Interferenza (fisica),0
Luce,Telescopio rifrattore,0
Onda,Ampiezza,0
Intensità acustica,Energia,1
Legge di Hooke,Campo elettrico,0
Onda,Frequenza,0
Durezza,Resistenza meccanica,1
Campo gravitazionale,Distanza (matematica),1
Lunghezza d'onda,Microscopio ottico,0
Fisica,Sistema di riferimento non inerziale,0
Capacità elettrica,Joule,0
Elettrone,Riflessione (fisica),0
Isolatore,Campo elettrico,0
Radiazione elettromagnetica,Accelerazione,0
Spostamento (cinematica),Accelerazione di gravità,0
Diffrazione,Dispersione ottica,0
Rifrazione,Diffrazione,0
Temperatura,Rifrazione,0
Legge di gravitazione universale,Chilogrammo,0
Lavoro (fisica),Elettrostatica,0
Principio di Huygens-Fresnel,Frequenza,0
Elettrostatica,Coulomb,0
Rifrazione,Legge di Snell,0
Magnete,Energia,0
Rifrazione,Dispersione ottica,0
Urto,Forza,1
Energia potenziale elettrica,Capacità elettrica,0
Corrente elettrica,Capacità elettrica,0
Suono,Boom sonico,0
Potenza (fisica),Joule,0
Fisica,Leva (fisica),0
Lunghezza,Interferenza (fisica),0
Rifrazione,Frequenza,0
Diffrazione,Fisica,1
Onda,Hertz,0
Accelerazione,Legge di Hooke,0
Energia potenziale elettrica,Forza di Coulomb,1
Linea di campo,Capacità elettrica,0
Scorrimento viscoso,Energia,0
Sistema di riferimento,Moto (fisica),1
Distanza (matematica),Campo gravitazionale,0
Interferenza (fisica),Telescopio,0
Onda,Ampiezza,0
Distanza (matematica),Momento meccanico,0
Vettore (matematica),Energia potenziale elettrica,0
Vettore (matematica),Fisica,0
Ampiezza,Differenza di potenziale elettrico,0
Momento meccanico,Lavoro (fisica),0
Legge di Ohm,Ohm,0
Legge di Snell,Fisica,1
Legge di gravitazione universale,Pianeta,0
Joule,Elettrostatica,0
Forza,Urto,0
Lunghezza d'onda,Massa (fisica),0
Urto,Spettro di emissione,0
Elasticità (meccanica),Energia potenziale,0
Interferenza (fisica),Chilogrammo,0
Spettro di emissione,Corrente elettrica,1
Interazione gravitazionale,Costante di gravitazione universale,0
Metro,Velocità,0
Campo (fisica),Elettrone,0
Indice di rifrazione,Spettro elettromagnetico,0
Campo magnetico,Spettro elettromagnetico,0
Linea di campo,Magnete,0
Campo gravitazionale terrestre,Accelerazione di gravità,0
Leva (fisica),Legge di Hooke,0
Rifrazione,Onda,1
Velocità,Caduta libera,0
Campo magnetico,Campo (fisica),1
Lunghezza d'onda,Dispersione ottica,0
Riflessione (fisica),Onda,1
Massa (fisica),Sistema di riferimento inerziale,0
Lunghezza,Leva (fisica),0
Moto parabolico,Posizione,1
Campo (fisica),Radiazione elettromagnetica,0
Resistenza meccanica,Forza,1
Resistenza elettrica,Legge di Ohm,1
Massa (fisica),Moto parabolico,0
Energia,Riflessione (fisica),0
Magnete,Magnetismo,0
Energia potenziale,Campo elettrico,0
Chilogrammo,Durezza,0
Linea di campo,Forza,0
Velocità,Joule,0
Dispersione ottica,Ottica geometrica,0
Onda,Mezzo trasmissivo,0
Principi della dinamica,Fisica,1
Moto (fisica),Magnetismo,0
Energia cinetica,Lavoro (fisica),0
Accelerazione di gravità,Caduta libera,0
Bussola,Forza,0
Sistema di riferimento inerziale,Sistema di riferimento,0
Campo magnetico,Onda d'urto (fluidodinamica),0
Riflessione speculare,Indice di rifrazione,0
Posizione,Distanza (matematica),0
Resistenza elettrica,Distanza (matematica),0
Effetto fotoelettrico,Ampiezza,0
Elettroscopio,Capacità elettrica,0
Energia cinetica,Energia,1
Onda stazionaria,Ampiezza,1
Elettroscopio,Effetto fotoelettrico,0
Metro,Magnetismo,0
Differenza di potenziale elettrico,Potenziale elettrico,0
Ampiezza,Potenza (fisica),0
Spettroscopia di assorbimento,Spettro elettromagnetico,0
Livello energetico,Diffrazione,0
Chilogrammo,Hertz,0
Potenziale elettrico,Lavoro (fisica),1
Pigmento,Luce,0
Campo magnetico,Equazione del moto,0
Indice di rifrazione,Isolante elettrico,0
Plasticità (fisica),Durezza,0
Energia meccanica,Forza,1
Campo magnetico,Energia meccanica,0
Velocità,Pianeta,0
Metro,Campo magnetico,0
Durezza,Fisica,1
Voltmetro,Potenziale elettrico,0
Forza di Coulomb,Magnetismo,0
Spettro di emissione,Luce,0
Lunghezza,Energia,0
Corrente elettrica,Forza elettromotrice,0
Distanza (matematica),Elettrostatica,0
Effetto Doppler,Laser,0
Effetto Doppler,Distanza (matematica),1
Microscopio ottico,Diffrazione,0
Energia cinetica,Massa (fisica),1
Potenziale elettrico,Forza elettromotrice,0
Tensione (meccanica),Energia potenziale,0
Energia,Moto (fisica),0
Raggio luminoso,Diffrazione,0
Lunghezza,Massa (fisica),0
Fisica,Moto (fisica),0
Forza,Chilogrammo,0
Spettro di emissione,Lunghezza d'onda,1
Telescopio rifrattore,Interazione gravitazionale,0
Energia cinetica,Forza,0
Spostamento (cinematica),Lavoro (fisica),0
Elasticità (meccanica),Plasticità (fisica),0
Spettroscopia di assorbimento,Fisica,1
Forza,Campo magnetico,0
Moto (fisica),Energia cinetica,0
Energia,Legge di gravitazione universale,0
Diffrazione,Interferenza (fisica),0
Massa (fisica),Forza,0
Urto,Sistema di riferimento inerziale,0
Forza,Intensità acustica,0
Potenziale elettrico,Voltmetro,0
Spettro elettromagnetico,Telescopio,0
Energia,Momento meccanico,0
Distanza (matematica),Leva (fisica),0
Spettro elettromagnetico,Hertz,0
Spettro elettromagnetico,Luce,1
Accelerazione,Caduta libera,0
Energia,Boom sonico,0
Fisica,Moto parabolico,0
Laser,Diffusione ottica,0
Potenza (fisica),Forza,1
Equazione del moto,Massa (fisica),0
Campo elettrico,Onda,0
Energia,Onda trasversale,0
Interferenza (fisica),Frequenza,1
Elettrone,Polo (elettrotecnica),0
Spettro di emissione,Campo elettrico,1
Accelerazione di gravità,Legge di gravitazione universale,0
Vettore (matematica),Magnete,0
Forza elettromotrice,Elettrone,0
Interazione gravitazionale,Massa (fisica),0
Dispersione ottica,Velocità di fase,1
Onda,Moto (fisica),0
Metro,Spettro elettromagnetico,0
Diffrazione,Microscopio ottico,0
Forza,Lunghezza,0
Energia potenziale,Legge di Hooke,0
Attrito,Forza,1
Energia cinetica,Attrito,0
Accelerazione,Chilogrammo,0
Spettroscopia di assorbimento,Lunghezza,0
Distanza (matematica),Effetto Doppler,0
Riflessione speculare,Elettrone,0
Campo magnetico,Spettroscopia di assorbimento,0
Radiazione elettromagnetica,Metro,0
Elettrone,Massa (fisica),0
Energia meccanica,Energia potenziale,1
Fisica,Distanza (matematica),0
Capacità elettrica,Carica elettrica,1
Onda trasversale,Luce,0
Energia potenziale,Momento meccanico,0
Sistema di riferimento inerziale,Vettore (matematica),0
Moto parabolico,Accelerazione,1
Legge di Snell,Raggio luminoso,1
Conduttore elettrico,Campo elettrico,0
Campo elettrico,Vettore (matematica),0
Elettrostatica,Elettrone,0
Energia,Intensità acustica,0
Magnete,Onda,0
Ottica geometrica,Dispersione ottica,0
Laser,Fisica,0
Ampiezza,Ottica geometrica,0
Energia,Campo elettrico,0
Interferenza (fisica),Energia,0
Pianeta,Legge di gravitazione universale,0
Lunghezza d'onda,Indice di rifrazione,0
Magnetismo,Velocità,0
Tensione (meccanica),Compressione (fisica),0
Temperatura,Resistenza elettrica,0
Forza,Bussola,0
Pianeta,Caduta libera,0
Lavoro (fisica),Momento meccanico,0
Telescopio rifrattore,Dispersione ottica,0
Energia potenziale elettrica,Elettrostatica,0
Campo gravitazionale terrestre,Massa (fisica),1
Effetto Doppler,Onda,1
Plasticità (fisica),Legge di Hooke,0
Energia cinetica,Energia meccanica,0
Onda,Isolante elettrico,0
Rigidezza,Forza,1
Hertz,Effetto fotoelettrico,0
Distanza (matematica),Lunghezza,0
Indice di rifrazione,Diffrazione,0
Posizione,Energia meccanica,0
Elettrone,Accelerazione,0
Lunghezza,Sistema di riferimento inerziale,0
Onda,Energia,0
Metro,Ohm,0
Forza,Forza elettromotrice,0
Energia,Forza,0
Temperatura,Magnete,0
Isolante elettrico,Campo magnetico,0
Bussola,Magnete,0
Spettroscopia di assorbimento,Onda,1
Legge di Hooke,Spostamento (cinematica),0
Urto elastico,Urto,1
Legge di Hooke,Isolante elettrico,0
Accelerazione di gravità,Velocità,1
Telescopio,Legge di gravitazione universale,0
Campo magnetico,Onda trasversale,0
Massa (fisica),Urto,0
Corrente elettrica,Differenza di potenziale elettrico,0
Conduttore elettrico,Elettrostatica,0
Joule,Chilogrammo,0
Campo elettrico,Metro,0
Elettrone,Linea di campo,0
Rifrazione,Energia,0
Dispersione ottica,Radiazione elettromagnetica,0
Distanza (matematica),Campo (fisica),0
Frequenza,Onda,0
Distanza (matematica),Moto parabolico,0
Lunghezza d'onda,Campo elettrico,0
Attrito,Leva (fisica),0
Distanza (matematica),Legge di Hooke,0
Energia meccanica,Energia,1
Fisica,Rifrazione,0
Onda,Campo magnetico,0
Radiazione elettromagnetica,Hertz,0
Forza,Metro,0
Campo (fisica),Spettro di emissione,0
Magnete,Forza,0
Attrito,Isolante elettrico,0
Momento meccanico,Distanza (matematica),0
Legge di gravitazione universale,Campo (fisica),0
Rifrazione,Ottica geometrica,0
Fisica,Momento meccanico,0
Spettro di emissione,Forza,1
Onda,Diffusione ottica,0
Vettore (matematica),Velocità,0
Lunghezza d'onda,Hertz,0
Radiazione elettromagnetica,Frequenza,0
Ohm,Forza elettromotrice,0
Lunghezza d'onda,Ottica geometrica,0
Fisica,Urto,0
Massa (fisica),Moto (fisica),0
Rifrazione,Fisica,1
Ohm,Resistenza elettrica,0
Lunghezza,Spostamento (cinematica),0
Lavoro (fisica),Chilogrammo,0
Spettroscopia di assorbimento,Massa (fisica),0
Energia potenziale,Posizione,1
Rifrazione,Velocità,0
Fisica,Energia,0
Lunghezza,Momento meccanico,0
Chilogrammo,Magnete,0
Equazione del moto,Interazione gravitazionale,0
Dispersione ottica,Distanza (matematica),0
Fisica,Principi della dinamica,0
Laser,Radiazione elettromagnetica,0
Spostamento (cinematica),Campo gravitazionale terrestre,0
Telescopio,Indice di rifrazione,0
Spettro di emissione,Urto,0
Caduta libera,Accelerazione di gravità,1
Onda,Legge di Snell,0
Microscopio ottico,Elettrone,0
Effetto fotoelettrico,Radiazione elettromagnetica,0
Differenza di potenziale elettrico,Potenza (fisica),0
Pianeta,Capacità elettrica,0
Distanza (matematica),Elasticità (meccanica),0
Distanza (matematica),Onda d'urto (fluidodinamica),0
Energia,Temperatura,0
Interferenza (fisica),Fisica,1
Elettrone,Distanza (matematica),0
Onda stazionaria,Fisica,1
Metro,Caduta libera,0
Luce,Elettrone,0
Tensione (meccanica),Forza,1
Energia,Metro,0
Fisica,Sistema di riferimento,0
Campo gravitazionale,Energia potenziale,0
Isolatore,Velocità,0
Campo elettrico,Isolatore,0
Riflessione speculare,Riflessione interna totale,0
Massa (fisica),Energia cinetica,0
Circuiti in serie e in parallelo,Differenza di potenziale elettrico,1
Leva (fisica),Lunghezza,0
Vettore (matematica),Spostamento (cinematica),0
Joule,Forza,0
Effetto fotoelettrico,Frequenza,0
Campo (fisica),Onda,0
Energia,Lavoro (fisica),0
Radiazione elettromagnetica,Spettro elettromagnetico,0
Energia potenziale,Capacità elettrica,0
Riflessione speculare,Diffrazione,0
Riflessione speculare,Lunghezza d'onda,0
Energia,Energia potenziale,0
Potenziale elettrico,Energia potenziale,1
Interazione gravitazionale,Moto (fisica),0
Urto elastico,Sistema di riferimento inerziale,0
Accelerazione,Forza,1
Forza,Temperatura,0
Forza di Coulomb,Elettrostatica,0
Isolante elettrico,Campo (fisica),1
Elettrone,Energia,0
Onda,Legge di Hooke,0
Metro,Frequenza,0
Magnete,Resistenza elettrica,0
Legge di Snell,Dispersione ottica,0
Energia potenziale elettrica,Energia potenziale,1
Elettrone,Spettro di emissione,0
Campo elettrico,Corrente elettrica,0
Lunghezza,Potenza (fisica),0
Energia potenziale,Differenza di potenziale elettrico,0
Chilogrammo,Energia potenziale,0
Moto (fisica),Energia meccanica,0
Sistema di riferimento non inerziale,Accelerazione,0
Durezza,Energia,0
Fisica,Radiazione elettromagnetica,0
Legge di Hooke,Lunghezza,1
Capacità elettrica,Pianeta,0
Resistenza elettrica,Forza,0
Legge di gravitazione universale,Telescopio,0
Spettro di emissione,Energia,1
Caduta libera,Metro,0
Spettro elettromagnetico,Campo magnetico,1
Forza,Urto anelastico,0
Attrito,Urto,0
Onda,Elasticità (meccanica),0
Energia,Potenziale elettrico,0
Energia meccanica,Distanza (matematica),1
Resistenza elettrica,Joule,0
Elettrone,Corrente elettrica,0
Interazione gravitazionale,Campo gravitazionale,0
Frequenza,Ampiezza,0
Radiazione elettromagnetica,Telescopio,0
Distanza (matematica),Costante di gravitazione universale,0
Riflessione (fisica),Rifrazione,0
Caduta libera,Velocità,1
Onda trasversale,Energia,0
Fisica,Vettore (matematica),0
Fatica (scienza dei materiali),Forza,1
Equazione del moto,Ampiezza,0
Campo gravitazionale terrestre,Posizione,1
Resistenza meccanica,Elasticità (meccanica),1
Capacità elettrica,Lunghezza,0
Tensione (meccanica),Velocità,0
Condensatore (elettrotecnica),Isolante elettrico,0
Fisica,Energia potenziale elettrica,0
Elasticità (meccanica),Onda,0
Ampiezza,Campo elettrico,0
Spettroscopia di assorbimento,Radiazione elettromagnetica,0
Distanza (matematica),Onda,0
Onda,Rifrazione,0
Radiazione elettromagnetica,Ampiezza,0
Lunghezza d'onda,Radiazione elettromagnetica,0
Accelerazione,Sistema di riferimento inerziale,0
Distanza (matematica),Indice di rifrazione,0
Fisica,Effetto fotoelettrico,0
Costante di gravitazione universale,Distanza (matematica),1
Hertz,Chilogrammo,0
Elettroscopio,Conduttore elettrico,0
Distanza (matematica),Riflessione speculare,0
Campo gravitazionale terrestre,Vettore (matematica),1
Isolante elettrico,Capacità elettrica,0
Spettro di emissione,Campo (fisica),1
Caduta libera,Vettore (matematica),1
Velocità,Spostamento (cinematica),0
Momento meccanico,Potenza (fisica),0
Forza,Indice di rifrazione,0
Effetto fotoelettrico,Onda,0
Capacità elettrica,Potenziale elettrico,0
Onda d'urto (fluidodinamica),Campo magnetico,0
Potenza (fisica),Lavoro (fisica),0
Forza,Resistenza elettrica,0
Fatica (scienza dei materiali),Temperatura,0
Lunghezza d'onda,Effetto fotoelettrico,0
Corrente elettrica,Spettro elettromagnetico,0
Elettrostatica,Linea di campo,0
Ohm,Metro,0
Diffusione ottica,Onda,1
Equazione del moto,Distanza (matematica),1
Accelerazione,Campo (fisica),0
Forza,Moto (fisica),0
Elettrone,Campo magnetico,0
Legge di Hooke,Attrito,0
Spettro elettromagnetico,Onda,1
Telescopio rifrattore,Luce,0
Forza,Polo (elettrotecnica),0
Onda,Energia,0
Energia,Fisica,1
Rifrazione,Luce,0
Velocità,Effetto Doppler,0
Vettore (matematica),Equazione del moto,0
Intensità acustica,Fisica,1
Interferenza (fisica),Lunghezza,0
Energia potenziale,Energia cinetica,0
Elettrone,Coulomb,0
Chilogrammo,Temperatura,0
Conduttore elettrico,Elettrone,0
Lavoro (fisica),Potenza (fisica),0
Campo magnetico,Isolante elettrico,0
Campo (fisica),Forza,0
Accelerazione,Distanza (matematica),1
Accelerazione,Principi della dinamica,0
Equazione del moto,Campo (fisica),0
Raggio luminoso,Rifrazione,0
Microscopio ottico,Indice di rifrazione,0
Lavoro (fisica),Energia meccanica,0
Onda stazionaria,Laser,0
Ampiezza,Onda,0
Ohm,Joule,0
Corrente elettrica,Elettrone,0
Accelerazione di gravità,Vettore (matematica),1
Ottica geometrica,Riflessione interna totale,0
Scorrimento viscoso,Fisica,1
Magnetismo,Forza elettromotrice,0
Spostamento (cinematica),Energia potenziale elettrica,0
Spettro elettromagnetico,Lunghezza,0
Interazione gravitazionale,Telescopio rifrattore,0
Campo elettrico,Lunghezza d'onda,0
Vettore (matematica),Potenziale elettrico,0
Distanza (matematica),Isolante elettrico,0
Massa (fisica),Tensione (meccanica),0
Isolante elettrico,Campo elettrico,1
Fisica,Laser,0
Momento meccanico,Joule,0
Sistema di riferimento inerziale,Distanza (matematica),1
Distanza (matematica),Lunghezza d'onda,0
Corrente elettrica,Ampiezza,0
Elasticità (meccanica),Legge di Hooke,0
Temperatura,Attrito,0
Fisica,Forza,0
Distanza (matematica),Intensità acustica,0
Elettrone,Energia potenziale elettrica,0
Spettro elettromagnetico,Metro,0
Distanza (matematica),Magnete,0
Onda,Massa (fisica),0
Potenziale elettrico,Spostamento (cinematica),1
Potenziale elettrico,Campo elettrico,1
Elettrostatica,Isolatore,0
Raggio luminoso,Lunghezza d'onda,0
Potenziale elettrico,Massa (fisica),0
Velocità,Momento meccanico,0
Radiazione elettromagnetica,Spettroscopia di assorbimento,0
Campo (fisica),Elasticità (meccanica),0
Diffrazione,Elettrone,0
Urto,Massa (fisica),0
Riflessione interna totale,Laser,0
Tensione (meccanica),Accelerazione,0
Moto (fisica),Lavoro (fisica),0
Massa (fisica),Legge di Hooke,0
Conduttore elettrico,Elettroscopio,0
Mezzo trasmissivo,Fisica,1
Urto anelastico,Energia cinetica,1
Campo (fisica),Magnetismo,0
Coulomb,Potenziale elettrico,0
Isolante elettrico,Hertz,0
Rifrazione,Raggio luminoso,0
Elettrone,Energia,0
Campo elettrico,Coulomb,0
Diffrazione,Riflessione speculare,0
Resistenza elettrica,Magnete,0
Corrente elettrica,Radiazione elettromagnetica,0
Pianeta,Forza,0
Attrito,Velocità,0
Energia,Elasticità (meccanica),0
Onda stazionaria,Livello energetico,0
Elasticità (meccanica),Fisica,1
Lunghezza d'onda,Laser,0
Equazione del moto,Differenza di potenziale elettrico,0
Velocità,Metro,0
Interazione gravitazionale,Accelerazione,0
Legge di Ohm,Resistenza elettrica,0
Velocità,Attrito,0
Chilogrammo,Interferenza (fisica),0
Forza,Massa (fisica),0
Urto anelastico,Velocità,0
Energia,Urto anelastico,0
Momento meccanico,Massa (fisica),0
Energia,Legge di Hooke,0
Onda d'urto (fluidodinamica),Temperatura,0
Energia potenziale,Urto elastico,0
Laser,Riflessione interna totale,0
Onda,Magnete,0
Fisica,Onda trasversale,0
Campo magnetico,Temperatura,0
Distanza (matematica),Energia potenziale elettrica,0
Momento meccanico,Equazione del moto,0
Indice di rifrazione,Energia,0
Radiazione elettromagnetica,Forza di Coulomb,1
Moto (fisica),Fisica,1
Distanza (matematica),Campo magnetico,0
Coulomb,Energia potenziale,0
Attrito,Accelerazione di gravità,0
Potenziale elettrico,Fisica,1
Vettore (matematica),Accelerazione di gravità,0
Energia potenziale,Campo gravitazionale,0
Campo gravitazionale,Principi della dinamica,0
Rifrazione,Temperatura,0
Campo elettrico,Elettrone,0
Campo magnetico,Campo elettrico,0
Distanza (matematica),Forza,0
Lunghezza d'onda,Diffrazione,0
Leva (fisica),Forza,1
Radiazione elettromagnetica,Diffrazione,0
Distanza (matematica),Accelerazione,0
Energia,Capacità elettrica,0
Elasticità (meccanica),Frattura (meccanica),0
Forza elettromotrice,Energia,1
Potenziale elettrico,Energia,1
Forza,Durezza,0
Radiazione elettromagnetica,Campo magnetico,1
Spettro elettromagnetico,Elettrone,1
Onda trasversale,Spettro elettromagnetico,0
Onda,Spettro di emissione,0
Spettro elettromagnetico,Isolante elettrico,0
Indice di rifrazione,Dispersione ottica,0
Equazione del moto,Energia,0
Moto (fisica),Energia potenziale,0
Energia,Moto parabolico,0
Luce,Spettro elettromagnetico,0
Chilogrammo,Legge di Hooke,0
Livello energetico,Spettro di emissione,0
Caduta libera,Differenza di potenziale elettrico,0
Temperatura,Spettro di emissione,0
Spostamento (cinematica),Elasticità (meccanica),0
Campo gravitazionale terrestre,Velocità,1
Elettrostatica,Distanza (matematica),1
Forza,Sistema di riferimento inerziale,0
Campo elettrico,Ampiezza,0
Lavoro (fisica),Forza elettromotrice,0
Forza elettromotrice,Resistenza elettrica,0
Massa (fisica),Accelerazione di gravità,0
Urto anelastico,Energia meccanica,0
Forza,Elettrone,0
Fisica,Fatica (scienza dei materiali),0
Magnete,Corrente elettrica,0
Massa (fisica),Campo magnetico,0
Carica elettrica,Capacità elettrica,0
Sistema di riferimento non inerziale,Campo gravitazionale terrestre,0
Elettrone,Isolante elettrico,0
Intensità acustica,Forza,1
Onda trasversale,Onda,1
Campo (fisica),Forza elettromotrice,0
Voltmetro,Forza elettromotrice,0
Hertz,Boom sonico,0
Posizione,Accelerazione,0
Velocità,Isolante elettrico,0
Fisica,Onda stazionaria,0
Massa (fisica),Fisica,1
Onda,Effetto fotoelettrico,0
Lunghezza,Campo magnetico,0
Sistema di riferimento inerziale,Sistema di riferimento non inerziale,0
Elettrone,Fisica,0
Velocità,Energia meccanica,0
Equazione del moto,Forza,1
Luce,Onda trasversale,0
Raggio luminoso,Riflessione speculare,0
Indice di rifrazione,Massa (fisica),0
Moto (fisica),Energia,0
Spostamento (cinematica),Elettrostatica,0
Voltmetro,Ampiezza,0
Energia potenziale elettrica,Posizione,1
Interferenza (fisica),Indice di rifrazione,0
Urto elastico,Sistema di riferimento inerziale,0
Elettrone,Effetto Doppler,0
Laser,Elettrone,0
Massa (fisica),Spettro di emissione,0
Fisica,Riflessione (fisica),0
Magnetismo,Energia,0
Resistenza meccanica,Fatica (scienza dei materiali),0
Energia potenziale,Forza,1
Linea di campo,Campo magnetico,0
Momento meccanico,Metro,0
Energia potenziale,Potenziale elettrico,0
Fisica,Dispersione ottica,0
Spostamento (cinematica),Moto parabolico,0
Capacità elettrica,Linea di campo,0
Metro,Resistenza elettrica,0
Livello energetico,Energia potenziale,0
Elettroscopio,Forza di Coulomb,0
Frequenza,Massa (fisica),0
Forza,Equazione del moto,0
Riflessione speculare,Rifrazione,0
Costante di gravitazione universale,Forza,1
Luce,Spettro di emissione,0
Posizione,Lunghezza,0
Indice di rifrazione,Frequenza,0
Capacità elettrica,Conduttore elettrico,0
Dispersione ottica,Indice di rifrazione,0
Spettroscopia di assorbimento,Rifrazione,0
Legge di Snell,Riflessione interna totale,0
Elettrostatica,Conduttore elettrico,0
Effetto Doppler,Velocità,1
Legge di Hooke,Rigidezza,0
Legge di Snell,Radiazione elettromagnetica,0
Accelerazione,Attrito,0
Interferenza (fisica),Onda,1
Microscopio ottico,Lunghezza d'onda,0
Isolante elettrico,Elettrone,0
Onda,Campo (fisica),0
Accelerazione,Energia,0
Caduta libera,Moto (fisica),1
Legge di gravitazione universale,Campo elettrico,0
Grandezza fisica,Posizione,0
Frattura (meccanica),Elasticità (meccanica),0
Energia,Velocità,0
Posizione,Moto parabolico,0
Spettro di emissione,Onda,1
Velocità,Onda,0
Urto,Energia meccanica,0
Caduta libera,Massa (fisica),1
Moto (fisica),Sistema di riferimento,0
Indice di rifrazione,Raggio luminoso,0
Riflessione (fisica),Diffrazione,0
Coulomb,Energia,0
Corrente elettrica,Magnete,0
Ohm,Velocità,0
Ohm,Differenza di potenziale elettrico,0
Boom sonico,Accelerazione,0
Spettro elettromagnetico,Ampiezza,0
Energia potenziale,Fisica,1
Elettrone,Joule,0
Urto,Attrito,0
Plasticità (fisica),Frattura (meccanica),0
Laser,Energia,0
Energia,Legge di Hooke,0
Livello energetico,Lunghezza d'onda,0
Indice di rifrazione,Lunghezza d'onda,0
Onda stazionaria,Hertz,0
Radiazione elettromagnetica,Campo (fisica),1
Velocità,Isolatore,0
Rigidezza,Legge di Hooke,0
Isolante elettrico,Spettro elettromagnetico,0
Dispersione ottica,Legge di Snell,0
Accelerazione,Accelerazione di gravità,0
Magnete,Energia meccanica,0
Coulomb,Campo magnetico,0
Frattura (meccanica),Durezza,0
Campo elettrico,Elettroscopio,0
Coulomb,Campo elettrico,0
Equazione del moto,Accelerazione,1
Radiazione elettromagnetica,Corrente elettrica,1
Metro,Radiazione elettromagnetica,0
Differenza di potenziale elettrico,Ohm,0
Posizione,Energia potenziale,0
Capacità elettrica,Forza,0
Isolante elettrico,Legge di Hooke,0
Indice di rifrazione,Metro,0
Lavoro (fisica),Leva (fisica),0
Livello energetico,Onda stazionaria,0
Forza,Principi della dinamica,0
Lunghezza,Legge di Hooke,0
Forza,Interazione gravitazionale,0
Temperatura,Indice di rifrazione,0
Radiazione elettromagnetica,Elettrone,1
Fatica (scienza dei materiali),Fisica,1
Resistenza elettrica,Attrito,0
Hertz,Frequenza,1
Temperatura,Elettrone,0
Colore,Indice di rifrazione,0
Principi della dinamica,Legge di gravitazione universale,0
Elettroscopio,Campo elettrico,0
Resistenza elettrica,Metro,0
Velocità,Forza,0
Legge di gravitazione universale,Forza,1
Magnetismo,Moto (fisica),0
Principio di Huygens-Fresnel,Diffrazione,0
Urto elastico,Moto (fisica),1
Onda trasversale,Raggio luminoso,0
Distanza (matematica),Velocità,0
Accelerazione di gravità,Campo gravitazionale,0
Circuiti in serie e in parallelo,Corrente elettrica,1
Magnete,Linea di campo,0
Campo gravitazionale,Linea di campo,0
Riflessione (fisica),Lunghezza d'onda,0
Livello energetico,Spettroscopia di assorbimento,0
Metro,Luce,0
Fisica,Interferenza (fisica),0
Energia potenziale elettrica,Coulomb,0
Massa (fisica),Frequenza,0
Energia potenziale,Lunghezza,0
Indice di rifrazione,Colore,0
Spostamento (cinematica),Rigidezza,0
Lavoro (fisica),Joule,0
Lunghezza d'onda,Distanza (matematica),0
Joule,Lavoro (fisica),0
Campo (fisica),Vettore (matematica),0
Massa (fisica),Coulomb,0
Leva (fisica),Potenza (fisica),0
Spettro elettromagnetico,Fisica,1
Energia,Coulomb,0
Fatica (scienza dei materiali),Plasticità (fisica),0
Energia,Attrito,0
Fisica,Potenza (fisica),0
Elettrone,Magnetismo,0
Pigmento,Lunghezza d'onda,0
Campo gravitazionale,Equazione del moto,0
Potenza (fisica),Velocità,0
Effetto Doppler,Elettrone,0
Rifrazione,Mezzo trasmissivo,0
Coulomb,Attrito,0
Differenza di potenziale elettrico,Energia,0
Energia,Hertz,0
Energia meccanica,Energia cinetica,1
Resistenza elettrica,Elettrone,0
Campo magnetico,Accelerazione,0
Radiazione elettromagnetica,Diffusione ottica,0
Vettore (matematica),Accelerazione,0
Diffrazione,Rifrazione,0
Distanza (matematica),Vettore (matematica),0
Energia,Spettro di emissione,0
Lunghezza,Tensione (meccanica),0
Isolante elettrico,Conduttore elettrico,0
Luce,Laser,0
Magnetismo,Bussola,0
Luce,Diffusione ottica,0
Elettrostatica,Energia potenziale,1
Telescopio rifrattore,Fisica,1
Distanza (matematica),Ampiezza,0
Massa (fisica),Indice di rifrazione,0
Diffusione ottica,Urto,0
Tensione (meccanica),Energia,0
Elettrone,Diffrazione,0
Elettrone,Massa (fisica),0
Differenza di potenziale elettrico,Elettrostatica,0
Differenza di potenziale elettrico,Onda stazionaria,0
Metro,Energia potenziale,0
Frequenza,Legge di Hooke,0
Joule,Momento meccanico,0
Onda,Elettrone,0
Fisica,Elettrone,0
Forza elettromotrice,Forza di Coulomb,1
Posizione,Massa (fisica),0
Legge di gravitazione universale,Distanza (matematica),1
Metro,Conduttore elettrico,0
Specchio curvo,Laser,0
Momento meccanico,Interazione gravitazionale,0
Scorrimento viscoso,Temperatura,0
Attrito,Energia meccanica,0
Campo gravitazionale,Caduta libera,0
Telescopio rifrattore,Onda,1
Ampiezza,Campo (fisica),0
Accelerazione di gravità,Sistema di riferimento inerziale,0
Magnete,Massa (fisica),0
Massa (fisica),Sistema di riferimento,0
Campo magnetico,Onda,0
Lavoro (fisica),Spostamento (cinematica),1
Legge di Hooke,Momento meccanico,0
Forza elettromotrice,Ohm,0
Microscopio ottico,Ingrandimento,0
Effetto fotoelettrico,Campo elettrico,0
Campo magnetico,Hertz,0
Campo magnetico,Energia,0
Pigmento,Colore,1
Differenza di potenziale elettrico,Radiazione elettromagnetica,0
Pianeta,Velocità,0
Urto anelastico,Forza,1
Forza,Effetto fotoelettrico,0
Energia meccanica,Fisica,1
Lunghezza d'onda,Energia,0
Forza di Coulomb,Elettroscopio,0
Energia,Dispersione ottica,0
Campo gravitazionale,Campo elettrico,0
Campo elettrico,Isolante elettrico,0
Energia potenziale,Joule,0
Massa (fisica),Energia meccanica,0
Magnetismo,Coulomb,0
Elettrone,Luce,0
Campo (fisica),Elettrostatica,0
Coulomb,Elettrostatica,0
Magnete,Forza elettromotrice,0
Energia,Magnete,0
Elettrone,Livello energetico,0
Forza,Linea di campo,0
Fisica,Mezzo trasmissivo,0
Energia meccanica,Magnete,0
Interferenza (fisica),Metro,0
Energia potenziale,Livello energetico,0
Resistenza elettrica,Lunghezza,0
Energia,Onda,0
Luce,Microscopio ottico,0
Spettro elettromagnetico,Temperatura,0
Onda trasversale,Campo magnetico,0
Isolante elettrico,Magnete,0
Onda d'urto (fluidodinamica),Forza,0
Differenza di potenziale elettrico,Elettrone,0
Energia,Energia potenziale elettrica,0
Legge di gravitazione universale,Interazione gravitazionale,1
Potenziale elettrico,Vettore (matematica),1
Equazione del moto,Vettore (matematica),1
Massa (fisica),Energia potenziale,0
Differenza di potenziale elettrico,Elettroscopio,0
Legge di Ohm,Campo magnetico,0
Energia potenziale,Energia potenziale elettrica,0
Resistenza elettrica,Temperatura,0
Campo gravitazionale,Forza,1
Chilogrammo,Energia,0
Forza elettromotrice,Magnete,1
Durezza,Attrito,0
Differenza di potenziale elettrico,Coulomb,0
Effetto fotoelettrico,Lunghezza,0
Forza,Energia meccanica,0
Chilogrammo,Legge di gravitazione universale,0
Forza,Elettrostatica,0
Elettrostatica,Energia,1
Vettore (matematica),Momento meccanico,0
Forza di Coulomb,Forza elettromotrice,0
Scorrimento viscoso,Legge di Hooke,0
Frequenza,Lunghezza d'onda,0
Temperatura,Onda d'urto (fluidodinamica),0
Campo (fisica),Campo elettrico,0
Rifrazione,Telescopio rifrattore,0
Frequenza,Indice di rifrazione,0
Accelerazione,Sistema di riferimento,0
Massa (fisica),Joule,0
Campo magnetico,Differenza di potenziale elettrico,0
Linea di campo,Elettrone,0
Corrente elettrica,Spettro di emissione,0
Urto,Energia cinetica,0
Distanza (matematica),Campo gravitazionale terrestre,0
Moto (fisica),Potenza (fisica),0
Momento meccanico,Velocità,0
Telescopio,Elettrone,0
Intensità acustica,Ampiezza,0
Forza elettromotrice,Magnetismo,0
Velocità,Legge di gravitazione universale,0
Equazione del moto,Campo gravitazionale,0
Temperatura,Fatica (scienza dei materiali),0
Indice di rifrazione,Microscopio ottico,0
Leva (fisica),Fisica,1
Plasticità (fisica),Resistenza meccanica,0
Velocità,Magnetismo,0
Attrito,Durezza,0
Energia potenziale,Campo gravitazionale terrestre,0
Resistenza elettrica,Temperatura,0
Posizione,Potenziale elettrico,0
Fisica,Sistema di riferimento inerziale,0
Onda,Onda stazionaria,0
Elettrone,Onda,0
Raggio luminoso,Legge di Snell,0
Capacità elettrica,Elettrone,0
Livello energetico,Radiazione elettromagnetica,0
Voltmetro,Elettroscopio,0
Energia,Interferenza (fisica),0
Rifrazione,Riflessione (fisica),0
Differenza di potenziale elettrico,Campo magnetico,0
Elettrone,Indice di rifrazione,0
Velocità,Urto,0
Spettro di emissione,Massa (fisica),0
Legge di Snell,Ottica geometrica,0
Riflessione (fisica),Campo elettrico,0
Diffrazione,Ottica geometrica,0
Potenziale elettrico,Coulomb,0
Forza,Legge di gravitazione universale,0
Diffrazione,Indice di rifrazione,0
Momento meccanico,Energia,0
Fisica,Plasticità (fisica),0
Lunghezza,Spettroscopia di assorbimento,0
Posizione,Equazione del moto,0
Campo elettrico,Campo gravitazionale,0
Pianeta,Accelerazione di gravità,0
Resistenza elettrica,Forza elettromotrice,0
Campo gravitazionale,Chilogrammo,0
Sistema di riferimento inerziale,Fisica,1
Linea di campo,Massa (fisica),0
Microscopio ottico,Telescopio,0
Compressione (fisica),Tensione (meccanica),0
Legge di gravitazione universale,Accelerazione,0
Isolante elettrico,Riflessione speculare,0
Elettrostatica,Lavoro (fisica),1
Principi della dinamica,Lavoro (fisica),0
Magnete,Campo elettrico,0
Campo (fisica),Magnete,0
Riflessione interna totale,Ottica geometrica,0
Magnete,Distanza (matematica),0
Spettro elettromagnetico,Onda trasversale,0
Leva (fisica),Lavoro (fisica),0
Isolante elettrico,Temperatura,0
Radiazione elettromagnetica,Dispersione ottica,0
Telescopio,Microscopio ottico,0
Ottica geometrica,Diffrazione,0
Equazione del moto,Lunghezza,0
Velocità,Hertz,0
Hertz,Energia,0
Temperatura,Energia cinetica,0
Chilogrammo,Campo gravitazionale,0
Onda,Onda trasversale,0
Fisica,Potenziale elettrico,0
Legge di gravitazione universale,Campo gravitazionale terrestre,0
Potenza (fisica),Radiazione elettromagnetica,0
Forza,Lavoro (fisica),0
Onda,Campo elettrico,0
Urto elastico,Massa (fisica),1
Elettrone,Resistenza elettrica,0
Campo elettrico,Spettro di emissione,0
Laser,Diffrazione,0
Chilogrammo,Joule,0
Campo (fisica),Massa (fisica),0
Elettrone,Velocità,0
Corrente elettrica,Campo elettrico,0
Velocità,Lunghezza,0
Moto parabolico,Massa (fisica),0
Campo gravitazionale,Campo gravitazionale terrestre,0
Dispersione ottica,Colore,1
Spostamento (cinematica),Energia potenziale,0
Ampiezza,Interferenza (fisica),0
Interferenza (fisica),Ottica geometrica,0
Campo magnetico,Linea di campo,0
Hertz,Radiazione elettromagnetica,0
Circuiti in serie e in parallelo,Resistenza elettrica,1
Moto (fisica),Onda d'urto (fluidodinamica),0
Boom sonico,Distanza (matematica),0
Intensità acustica,Suono,1
Onda d'urto (fluidodinamica),Distanza (matematica),1
Sistema di riferimento inerziale,Urto,0
Isolante elettrico,Isolatore,1
Telescopio,Legge di Snell,0
Velocità,Urto anelastico,0
Distanza (matematica),Energia,0
Plasticità (fisica),Elasticità (meccanica),0
Magnete,Energia potenziale,0
Dispersione ottica,Isolante elettrico,0
Ampiezza,Radiazione elettromagnetica,0
Accelerazione,Momento meccanico,0
Urto anelastico,Attrito,0
Differenza di potenziale elettrico,Effetto fotoelettrico,0
Onda,Forza,0
Dispersione ottica,Velocità,0
Accelerazione di gravità,Energia potenziale,0
Luce,Lunghezza d'onda,0
Coulomb,Ohm,0
Diffrazione,Riflessione (fisica),0
Magnete,Vettore (matematica),0
Conduttore elettrico,Fisica,1
Velocità,Energia potenziale,0
Legge di Snell,Telescopio,0
Effetto fotoelettrico,Hertz,0
Potenza (fisica),Intensità acustica,0
Onda,Spettroscopia di assorbimento,0
Onda d'urto (fluidodinamica),Rifrazione,0
Campo gravitazionale terrestre,Caduta libera,0
Energia meccanica,Massa (fisica),1
Joule,Potenza (fisica),0
Linea di campo,Forza di Coulomb,0
Campo magnetico,Pianeta,0
Spettro elettromagnetico,Mezzo trasmissivo,0
Elasticità (meccanica),Spostamento (cinematica),0
Attrito,Energia cinetica,0
Lunghezza,Magnete,0
Velocità,Lavoro (fisica),0
Joule,Ohm,0
Lavoro (fisica),Metro,0
Massa (fisica),Momento meccanico,0
Metro,Legge di Hooke,0
Energia potenziale elettrica,Moto (fisica),1
Amperometro,Metro,0
Distanza (matematica),Massa (fisica),0
Tensione (meccanica),Legge di Hooke,0
Differenza di potenziale elettrico,Joule,0
Ohm,Coulomb,0
Effetto fotoelettrico,Differenza di potenziale elettrico,0
Forza di Coulomb,Campo (fisica),0
Differenza di potenziale elettrico,Magnetismo,0
Legge di Snell,Velocità,0
Vettore (matematica),Moto parabolico,0
Moto parabolico,Caduta libera,0
Energia potenziale,Accelerazione,0
Capacità elettrica,Energia,0
Onda trasversale,Tensione (meccanica),0
Lunghezza,Rigidezza,0
Ingrandimento,Riflessione (fisica),0
Energia,Distanza (matematica),0
Sistema di riferimento,Accelerazione,0
Onda stazionaria,Differenza di potenziale elettrico,0
Momento meccanico,Energia potenziale,0
Fisica,Energia potenziale,0
Frequenza,Isolante elettrico,0
Forza,Forza di Coulomb,0
Hertz,Altezza (acustica),0
Legge di Hooke,Onda,0
Hertz,Campo magnetico,0
Accelerazione,Tensione (meccanica),0
Durezza,Rigidezza,0
Campo elettrico,Magnete,0
Metro,Interferenza (fisica),0
Ampiezza,Equazione del moto,0
Attrito,Resistenza elettrica,0
Caduta libera,Forza,1
Metro,Lavoro (fisica),0
Altezza (acustica),Hertz,0
Caduta libera,Posizione,1
Ohm,Legge di Ohm,0
Lavoro (fisica),Massa (fisica),0
Diffusione ottica,Energia,0
Differenza di potenziale elettrico,Energia potenziale elettrica,0
Energia cinetica,Velocità,0
Telescopio,Massa (fisica),0
Campo magnetico,Distanza (matematica),0
Fatica (scienza dei materiali),Resistenza meccanica,0
Mezzo trasmissivo,Rifrazione,0
Magnete,Energia,0
Sistema di riferimento,Forza,0
Indice di rifrazione,Fisica,1
Differenza di potenziale elettrico,Resistenza elettrica,0
Energia potenziale,Tensione (meccanica),0
Boom sonico,Lunghezza,0
Ottica geometrica,Legge di Snell,0
Elettrone,Urto,0
Effetto fotoelettrico,Lunghezza d'onda,0
Elettrone,Forza di Coulomb,0
Joule,Metro,0
Diffusione ottica,Luce,0
Ottica geometrica,Ampiezza,0
Onda trasversale,Equazione del moto,0
Energia cinetica,Effetto fotoelettrico,0
Lunghezza d'onda,Onda,1
Fisica,Onda d'urto (fluidodinamica),0
Lunghezza,Indice di rifrazione,0
Legge di Snell,Rifrazione,1
Luce,Frattura (meccanica),0
Radiazione elettromagnetica,Temperatura,0
Fisica,Diffusione ottica,0
Massa (fisica),Equazione del moto,0
Momento meccanico,Lunghezza,0
Principi della dinamica,Moto (fisica),1
Distanza (matematica),Energia meccanica,0
Leva (fisica),Energia,0
Potenziale elettrico,Capacità elettrica,0
Forza,Elasticità (meccanica),0
Temperatura,Velocità,0
Colore,Pigmento,0
Legge di Hooke,Scorrimento viscoso,0
Corrente elettrica,Isolatore,0
Forza,Velocità,0
Energia,Onda,0
Campo magnetico,Vettore (matematica),0
Urto,Urto anelastico,0
Accelerazione,Lunghezza,0
Urto elastico,Energia meccanica,0
Magnetismo,Campo (fisica),0
Radiazione elettromagnetica,Luce,0
Lunghezza,Velocità,0
Distanza (matematica),Urto,0
Legge di gravitazione universale,Accelerazione di gravità,0
Energia potenziale elettrica,Vettore (matematica),1
Differenza di potenziale elettrico,Spettro elettromagnetico,0
Rifrazione,Riflessione speculare,0
Potenziale elettrico,Posizione,1
Luce,Metro,0
Momento meccanico,Fisica,1
Attrito,Diagramma di corpo libero,0
Fisica,Lavoro (fisica),0
Lunghezza d'onda,Onda stazionaria,0
Telescopio rifrattore,Telescopio,1
Pianeta,Massa (fisica),0
Fisica,Resistenza meccanica,0
Forza,Onda,0
Chilogrammo,Forza,0
Elettrone,Lunghezza d'onda,0
Boom sonico,Suono,1
Spostamento (cinematica),Lunghezza,0
Fisica,Riflessione speculare,0
Lunghezza d'onda,Luce,0
Isolante elettrico,Frequenza,0
Forza,Onda,0
Energia,Effetto fotoelettrico,0
Riflessione (fisica),Elettrone,0
Frattura (meccanica),Plasticità (fisica),0
Momento meccanico,Isolante elettrico,0
Attrito,Legge di Hooke,0
Temperatura,Energia,0
Hertz,Elettrone,0
Campo elettrico,Potenziale elettrico,0
Dispersione ottica,Ampiezza,0
Telescopio,Riflessione (fisica),0
Lunghezza,Magnetismo,0
Forza,Energia potenziale elettrica,0
Hertz,Luce,0
Magnetismo,Differenza di potenziale elettrico,0
Fisica,Telescopio rifrattore,0
Energia potenziale,Energia meccanica,0
Potenza (fisica),Ohm,0
Energia meccanica,Moto (fisica),1
Laser,Effetto Doppler,0
Indice di rifrazione,Onda trasversale,0
Telescopio rifrattore,Ingrandimento,0
Moto (fisica),Accelerazione,0
Vettore (matematica),Campo magnetico,0
Accelerazione,Equazione del moto,0
Corrente elettrica,Potenza (fisica),0
Energia,Differenza di potenziale elettrico,0
Magnetismo,Magnete,1
Differenza di potenziale elettrico,Corrente elettrica,0
Luce,Rifrazione,0
Corrente elettrica,Forza,0
Resistenza elettrica,Ohmmetro,0
Spettroscopia di assorbimento,Spettro di emissione,0
Indice di rifrazione,Ottica geometrica,0
Sistema di riferimento inerziale,Moto (fisica),1
Conduttore elettrico,Metro,0
Distanza (matematica),Campo elettrico,0
Lunghezza,Lavoro (fisica),0
Distanza (matematica),Energia potenziale,0
Energia,Elettrostatica,0
Campo magnetico,Forza,1
Energia cinetica,Urto anelastico,0
Energia,Forza elettromotrice,0
Campo elettrico,Linea di campo,0
Onda,Riflessione (fisica),0
Suono,Intensità acustica,0
Elasticità (meccanica),Campo (fisica),0
Fisica,Legge di Snell,0
Telescopio rifrattore,Rifrazione,1
Joule,Velocità,0
Equazione del moto,Fisica,1
Frequenza,Onda,0
Campo magnetico,Legge di Ohm,0
Attrito,Energia,0
Lavoro (fisica),Energia cinetica,0
Equazione del moto,Velocità,1
Mescolanza sottrattiva,Pigmento,0
Energia potenziale,Metro,0
Equazione del moto,Onda trasversale,0
Energia potenziale elettrica,Forza,1
Momento meccanico,Accelerazione,0
Campo gravitazionale,Accelerazione di gravità,0
Campo gravitazionale,Accelerazione,0
Sistema di riferimento inerziale,Accelerazione di gravità,0
Legge di Snell,Ampiezza,0
Accelerazione,Fisica,1
Ottica geometrica,Rifrazione,0
Energia cinetica,Joule,0
Chilogrammo,Elettrone,0
Energia cinetica,Urto,0
Isolante elettrico,Indice di rifrazione,0
Equazione del moto,Momento meccanico,0
Resistenza meccanica,Plasticità (fisica),1
Potenza (fisica),Corrente elettrica,0
Campo elettrico,Riflessione (fisica),0
Distanza (matematica),Fisica,0
Plasticità (fisica),Forza,1
Energia potenziale,Spostamento (cinematica),1
Lunghezza d'onda,Pigmento,0
Ottica geometrica,Luce,1
Campo gravitazionale,Interazione gravitazionale,1
Ampiezza,Onda stazionaria,0
Campo (fisica),Equazione del moto,0
Moto parabolico,Forza,1
Fisica,Spettroscopia di assorbimento,0
Attrito,Energia potenziale,0
Forza elettromotrice,Joule,0
Joule,Forza elettromotrice,0
Isolante elettrico,Riflessione (fisica),0
Temperatura,Magnetismo,0
Differenza di potenziale elettrico,Caduta libera,0
Attrito,Temperatura,0
Principio di Huygens-Fresnel,Lunghezza d'onda,0
Forza,Radiazione elettromagnetica,0
Massa (fisica),Temperatura,0
Attrito,Lunghezza,0
Forza,Campo (fisica),0
Equazione del moto,Campo elettrico,0
Massa (fisica),Urto elastico,0
Energia potenziale elettrica,Elettrone,0
Hertz,Onda stazionaria,0
Distanza (matematica),Legge di gravitazione universale,0
Lunghezza d'onda,Campo magnetico,0
Distanza (matematica),Elettrone,0
Resistenza elettrica,Conduttore elettrico,0
Sistema di riferimento non inerziale,Fisica,1
Moto (fisica),Spostamento (cinematica),0
Forza elettromotrice,Voltmetro,0
Intensità acustica,Velocità,0
Lunghezza d'onda,Riflessione (fisica),0
Radiazione elettromagnetica,Onda trasversale,0
Raggio luminoso,Riflessione interna totale,0
Riflessione speculare,Fisica,1
Radiazione elettromagnetica,Differenza di potenziale elettrico,0
Riflessione interna totale,Rifrazione,1
Joule,Energia cinetica,0
Onda,Spettro elettromagnetico,0
Magnete,Onda,0
Interazione gravitazionale,Momento meccanico,0
Energia,Leva (fisica),0
Effetto fotoelettrico,Forza,0
Legge di Hooke,Plasticità (fisica),0
Forza,Caduta libera,0
Frattura (meccanica),Scorrimento viscoso,0
Energia,Durezza,0
Linea di campo,Velocità,0
Dispersione ottica,Fisica,1
Coulomb,Forza di Coulomb,0
Lunghezza d'onda,Ampiezza,0
Spettro elettromagnetico,Campo (fisica),1
Energia,Lunghezza,0
Dispersione ottica,Lunghezza d'onda,0
Raggio luminoso,Indice di rifrazione,0
Onda,Campo gravitazionale,0
Forza di Coulomb,Coulomb,0
Elettrone,Moto (fisica),0
Urto anelastico,Energia,1
Radiazione elettromagnetica,Effetto fotoelettrico,0
Campo (fisica),Corrente elettrica,0
Elettrone,Energia potenziale,0
Indice di rifrazione,Temperatura,0
Lavoro (fisica),Campo magnetico,0
Massa (fisica),Velocità,0
Energia potenziale elettrica,Joule,0
Rigidezza,Fisica,1
Temperatura,Spettro elettromagnetico,0
Massa (fisica),Elettrone,0
Elettrone,Forza,0
Legge di Hooke,Rigidezza,0
Radiazione elettromagnetica,Legge di Snell,0
Ohm,Chilogrammo,0
Sistema di riferimento inerziale,Principi della dinamica,0
Lunghezza,Onda,0
Energia meccanica,Joule,0
Metro,Joule,0
Elettrostatica,Campo magnetico,0
Differenza di potenziale elettrico,Hertz,0
Accelerazione di gravità,Distanza (matematica),1
Legge di Snell,Riflessione (fisica),0
Resistenza elettrica,Ampiezza,0
Elettrostatica,Vettore (matematica),1
Dispersione ottica,Telescopio,0
Sistema di riferimento inerziale,Luce,0
Spostamento (cinematica),Potenziale elettrico,0
Velocità,Fisica,1
Lunghezza,Accelerazione,0
Forza,Energia potenziale,0
Sistema di riferimento,Sistema di riferimento inerziale,0
Campo (fisica),Distanza (matematica),0
Legge di Hooke,Accelerazione,0
Campo (fisica),Temperatura,0
Momento meccanico,Attrito,0
Onda d'urto (fluidodinamica),Massa (fisica),0
Costante di gravitazione universale,Interazione gravitazionale,1
Coulomb,Magnetismo,0
Ampiezza,Principio di Huygens-Fresnel,0
Elettroscopio,Voltmetro,0
Radiazione elettromagnetica,Laser,0
Riflessione interna totale,Raggio luminoso,0
Campo (fisica),Velocità,0
Principi della dinamica,Sistema di riferimento inerziale,0
Energia potenziale,Elettrone,0
Coulomb,Energia potenziale elettrica,0
Moto (fisica),Forza,0
Forza,Onda d'urto (fluidodinamica),0
Riflessione (fisica),Legge di Snell,0
Fisica,Durezza,0
Campo elettrico,Equazione del moto,0
Energia potenziale,Urto elastico,0
Laser,Lunghezza d'onda,0
Onda,Effetto fotoelettrico,0
Velocità,Onda,0
Lunghezza,Energia potenziale,0
Fisica,Energia meccanica,0
Magnetismo,Metro,0
Massa (fisica),Onda d'urto (fluidodinamica),0
Energia potenziale elettrica,Spostamento (cinematica),1
Interferenza (fisica),Diffrazione,0
Equazione del moto,Onda,0
Capacità elettrica,Magnetismo,0
Costante di gravitazione universale,Fisica,1
Principi della dinamica,Forza,1
Boom sonico,Effetto Doppler,0
Rifrazione,Spettro elettromagnetico,0
Coulomb,Campo (fisica),0
Diffrazione,Radiazione elettromagnetica,0
Diffusione ottica,Velocità,0
Coulomb,Forza elettromotrice,0
Forza,Energia cinetica,0
Fisica,Legge di Hooke,0
Ampiezza,Dispersione ottica,0
Ottica geometrica,Specchio curvo,0
Elasticità (meccanica),Distanza (matematica),0
Resistenza elettrica,Differenza di potenziale elettrico,1
Campo magnetico,Lavoro (fisica),0
Elettrone,Chilogrammo,0
Effetto fotoelettrico,Elettrone,1
Interferenza (fisica),Elettrone,0
Specchio curvo,Ottica geometrica,0
Temperatura,Moto (fisica),0
Telescopio rifrattore,Lunghezza d'onda,0
Frequenza,Hertz,0
Diffusione ottica,Laser,0
Campo magnetico,Magnetismo,0
Riflessione (fisica),Energia,0
Onda d'urto (fluidodinamica),Velocità,0
Rifrazione,Lunghezza,0
Lunghezza d'onda,Frequenza,0
Luce,Ottica geometrica,0
Elettrone,Temperatura,0
Campo magnetico,Lunghezza d'onda,0
Lavoro (fisica),Moto (fisica),1
Indice di rifrazione,Lunghezza d'onda,0
Indice di rifrazione,Lunghezza,0
Energia meccanica,Urto anelastico,0
Ottica geometrica,Raggio luminoso,1
Energia meccanica,Vettore (matematica),1
Forza,Spettro elettromagnetico,0
Elettrostatica,Fisica,1
Radiazione elettromagnetica,Campo elettrico,1
